CIK,Company,Type,Date,complete_text_file_link,html_index,Filing Date,Period of Report,SIC,htm_file_link,State of Inc,State location,Fiscal Year End,filename
1067983,BERKSHIRE HATHAWAY INC,13F-HR,2000-02-14,https://www.sec.gov/Archives/edgar/data/1067983/000095015000000102/0000950150-00-000102.txt,https://www.sec.gov/Archives/edgar/data/1067983/0000950150-00-000102-index.html,2000-02-14,1999-12-31,6331,,DE,NE,1231,1067983_13FHR_1999_0000950150-00-000102.txt
1067983,BERKSHIRE HATHAWAY INC,13F-HR,2000-02-15,https://www.sec.gov/Archives/edgar/data/1067983/000095015000000118/0000950150-00-000118.txt,https://www.sec.gov/Archives/edgar/data/1067983/0000950150-00-000118-index.html,2000-02-15,1998-12-31,6331,,DE,NE,1231,1067983_13FHR_1998_0000950150-00-000118.txt
1067983,BERKSHIRE HATHAWAY INC,13F-HR,2000-05-15,https://www.sec.gov/Archives/edgar/data/1067983/000095015000000439/0000950150-00-000439.txt,https://www.sec.gov/Archives/edgar/data/1067983/0000950150-00-000439-index.html,2000-05-15,2000-03-31,6331,,DE,NE,1231,1067983_13FHR_2000_0000950150-00-000439.txt
1067983,BERKSHIRE HATHAWAY INC,13F-HR,2000-08-14,https://www.sec.gov/Archives/edgar/data/1067983/000109581100002809/0001095811-00-002809.txt,https://www.sec.gov/Archives/edgar/data/1067983/0001095811-00-002809-index.html,2000-08-14,2000-06-30,6331,,DE,NE,1231,1067983_13FHR_2000_0001095811-00-002809.txt
1067983,BERKSHIRE HATHAWAY INC,13F-HR,2000-11-14,https://www.sec.gov/Archives/edgar/data/1067983/000095015000000940/0000950150-00-000940.txt,https://www.sec.gov/Archives/edgar/data/1067983/0000950150-00-000940-index.html,2000-11-14,2000-09-30,6331,,DE,NE,1231,1067983_13FHR_2000_0000950150-00-000940.txt
1067983,BERKSHIRE HATHAWAY INC,13F-HR,2001-02-14,https://www.sec.gov/Archives/edgar/data/1067983/000109581101001369/0001095811-01-001369.txt,https://www.sec.gov/Archives/edgar/data/1067983/0001095811-01-001369-index.html,2001-02-14,2000-12-31,6331,,DE,NE,1231,1067983_13FHR_2000_0001095811-01-001369.txt
1067983,BERKSHIRE HATHAWAY INC,13F-HR,2001-05-15,https://www.sec.gov/Archives/edgar/data/1067983/000095015001500322/0000950150-01-500322.txt,https://www.sec.gov/Archives/edgar/data/1067983/0000950150-01-500322-index.html,2001-05-15,2001-03-31,6331,,DE,NE,1231,1067983_13FHR_2001_0000950150-01-500322.txt
1067983,BERKSHIRE HATHAWAY INC,13F-HR,2001-08-14,https://www.sec.gov/Archives/edgar/data/1067983/000095015001500532/0000950150-01-500532.txt,https://www.sec.gov/Archives/edgar/data/1067983/0000950150-01-500532-index.html,2001-08-14,2001-06-30,6331,,DE,NE,1231,1067983_13FHR_2001_0000950150-01-500532.txt
1067983,BERKSHIRE HATHAWAY INC,13F-HR,2001-11-14,https://www.sec.gov/Archives/edgar/data/1067983/000095015001500764/0000950150-01-500764.txt,https://www.sec.gov/Archives/edgar/data/1067983/0000950150-01-500764-index.html,2001-11-14,2001-09-30,6331,,DE,NE,1231,1067983_13FHR_2001_0000950150-01-500764.txt
1067983,BERKSHIRE HATHAWAY INC,13F-HR,2002-02-14,https://www.sec.gov/Archives/edgar/data/1067983/000095015002000133/0000950150-02-000133.txt,https://www.sec.gov/Archives/edgar/data/1067983/0000950150-02-000133-index.html,2002-02-14,2001-12-31,6331,,DE,NE,1231,1067983_13FHR_2001_0000950150-02-000133.txt
1067983,BERKSHIRE HATHAWAY INC,13F-HR,2002-05-15,https://www.sec.gov/Archives/edgar/data/1067983/000095015002000505/0000950150-02-000505.txt,https://www.sec.gov/Archives/edgar/data/1067983/0000950150-02-000505-index.html,2002-05-15,2002-03-31,6331,,DE,NE,1231,1067983_13FHR_2002_0000950150-02-000505.txt
1067983,BERKSHIRE HATHAWAY INC,13F-HR,2002-08-13,https://www.sec.gov/Archives/edgar/data/1067983/000095015002000747/0000950150-02-000747.txt,https://www.sec.gov/Archives/edgar/data/1067983/0000950150-02-000747-index.html,2002-08-13,2002-06-30,6331,,DE,NE,1231,1067983_13FHR_2002_0000950150-02-000747.txt
1067983,BERKSHIRE HATHAWAY INC,13F-HR,2002-11-14,https://www.sec.gov/Archives/edgar/data/1067983/000095015002001047/0000950150-02-001047.txt,https://www.sec.gov/Archives/edgar/data/1067983/0000950150-02-001047-index.html,2002-11-14,2002-09-30,6331,,DE,NE,1231,1067983_13FHR_2002_0000950150-02-001047.txt
1067983,BERKSHIRE HATHAWAY INC,13F-HR,2003-02-14,https://www.sec.gov/Archives/edgar/data/1067983/000095015003000203/0000950150-03-000203.txt,https://www.sec.gov/Archives/edgar/data/1067983/0000950150-03-000203-index.html,2003-02-14,2002-12-31,6331,,DE,NE,1231,1067983_13FHR_2002_0000950150-03-000203.txt
1067983,BERKSHIRE HATHAWAY INC,13F-HR,2003-05-15,https://www.sec.gov/Archives/edgar/data/1067983/000095015003000619/0000950150-03-000619.txt,https://www.sec.gov/Archives/edgar/data/1067983/0000950150-03-000619-index.html,2003-05-15,2003-03-31,6331,,DE,NE,1231,1067983_13FHR_2003_0000950150-03-000619.txt
1067983,BERKSHIRE HATHAWAY INC,13F-HR,2003-08-14,https://www.sec.gov/Archives/edgar/data/1067983/000095015003000957/0000950150-03-000957.txt,https://www.sec.gov/Archives/edgar/data/1067983/0000950150-03-000957-index.html,2003-08-14,2003-06-30,6331,,DE,NE,1231,1067983_13FHR_2003_0000950150-03-000957.txt
1067983,BERKSHIRE HATHAWAY INC,13F-HR,2003-11-13,https://www.sec.gov/Archives/edgar/data/1067983/000095015003001329/0000950150-03-001329.txt,https://www.sec.gov/Archives/edgar/data/1067983/0000950150-03-001329-index.html,2003-11-13,2003-09-30,6331,,DE,NE,1231,1067983_13FHR_2003_0000950150-03-001329.txt
1067983,BERKSHIRE HATHAWAY INC,13F-HR,2004-02-17,https://www.sec.gov/Archives/edgar/data/1067983/000095015004000209/0000950150-04-000209.txt,https://www.sec.gov/Archives/edgar/data/1067983/0000950150-04-000209-index.html,2004-02-17,2003-12-31,6331,,DE,NE,1231,1067983_13FHR_2003_0000950150-04-000209.txt
1067983,BERKSHIRE HATHAWAY INC,13F-HR,2004-05-14,https://www.sec.gov/Archives/edgar/data/1067983/000095012904003325/0000950129-04-003325.txt,https://www.sec.gov/Archives/edgar/data/1067983/0000950129-04-003325-index.html,2004-05-14,2004-03-31,6331,,DE,NE,1231,1067983_13FHR_2004_0000950129-04-003325.txt
1067983,BERKSHIRE HATHAWAY INC,13F-HR,2004-08-16,https://www.sec.gov/Archives/edgar/data/1067983/000095012904006175/0000950129-04-006175.txt,https://www.sec.gov/Archives/edgar/data/1067983/0000950129-04-006175-index.html,2004-08-16,2004-06-30,6331,,DE,NE,1231,1067983_13FHR_2004_0000950129-04-006175.txt
1067983,BERKSHIRE HATHAWAY INC,13F-HR,2004-11-15,https://www.sec.gov/Archives/edgar/data/1067983/000095012904009025/0000950129-04-009025.txt,https://www.sec.gov/Archives/edgar/data/1067983/0000950129-04-009025-index.html,2004-11-15,2004-09-30,6331,,DE,NE,1231,1067983_13FHR_2004_0000950129-04-009025.txt
1067983,BERKSHIRE HATHAWAY INC,13F-HR,2005-02-14,https://www.sec.gov/Archives/edgar/data/1067983/000095012905001294/0000950129-05-001294.txt,https://www.sec.gov/Archives/edgar/data/1067983/0000950129-05-001294-index.html,2005-02-14,2004-12-31,6331,,DE,NE,1231,1067983_13FHR_2004_0000950129-05-001294.txt
1067983,BERKSHIRE HATHAWAY INC,13F-HR,2005-05-16,https://www.sec.gov/Archives/edgar/data/1067983/000095012905005372/0000950129-05-005372.txt,https://www.sec.gov/Archives/edgar/data/1067983/0000950129-05-005372-index.html,2005-05-16,2005-03-31,6331,,DE,NE,1231,1067983_13FHR_2005_0000950129-05-005372.txt
1067983,BERKSHIRE HATHAWAY INC,13F-HR,2005-08-15,https://www.sec.gov/Archives/edgar/data/1067983/000095012905008251/0000950129-05-008251.txt,https://www.sec.gov/Archives/edgar/data/1067983/0000950129-05-008251-index.html,2005-08-15,2005-06-30,6331,,DE,NE,1231,1067983_13FHR_2005_0000950129-05-008251.txt
1067983,BERKSHIRE HATHAWAY INC,13F-HR,2005-11-14,https://www.sec.gov/Archives/edgar/data/1067983/000095012905011013/0000950129-05-011013.txt,https://www.sec.gov/Archives/edgar/data/1067983/0000950129-05-011013-index.html,2005-11-14,2005-09-30,6331,,DE,NE,1231,1067983_13FHR_2005_0000950129-05-011013.txt
1067983,BERKSHIRE HATHAWAY INC,13F-HR,2006-02-14,https://www.sec.gov/Archives/edgar/data/1067983/000095012906001495/0000950129-06-001495.txt,https://www.sec.gov/Archives/edgar/data/1067983/0000950129-06-001495-index.html,2006-02-14,2005-12-31,6331,,DE,NE,1231,1067983_13FHR_2005_0000950129-06-001495.txt
1067983,BERKSHIRE HATHAWAY INC,13F-HR,2006-05-15,https://www.sec.gov/Archives/edgar/data/1067983/000095012906005536/0000950129-06-005536.txt,https://www.sec.gov/Archives/edgar/data/1067983/0000950129-06-005536-index.html,2006-05-15,2006-03-31,6331,,DE,NE,1231,1067983_13FHR_2006_0000950129-06-005536.txt
1067983,BERKSHIRE HATHAWAY INC,13F-HR,2006-08-14,https://www.sec.gov/Archives/edgar/data/1067983/000095013406016076/0000950134-06-016076.txt,https://www.sec.gov/Archives/edgar/data/1067983/0000950134-06-016076-index.html,2006-08-14,2006-06-30,6331,,DE,NE,1231,1067983_13FHR_2006_0000950134-06-016076.txt
1067983,BERKSHIRE HATHAWAY INC,13F-HR,2006-11-14,https://www.sec.gov/Archives/edgar/data/1067983/000095013406021611/0000950134-06-021611.txt,https://www.sec.gov/Archives/edgar/data/1067983/0000950134-06-021611-index.html,2006-11-14,2006-09-30,6331,,DE,NE,1231,1067983_13FHR_2006_0000950134-06-021611.txt
1067983,BERKSHIRE HATHAWAY INC,13F-HR,2007-02-14,https://www.sec.gov/Archives/edgar/data/1067983/000095013407003329/0000950134-07-003329.txt,https://www.sec.gov/Archives/edgar/data/1067983/0000950134-07-003329-index.html,2007-02-14,2006-12-31,6331,,DE,NE,1231,1067983_13FHR_2006_0000950134-07-003329.txt
1067983,BERKSHIRE HATHAWAY INC,13F-HR,2007-05-15,https://www.sec.gov/Archives/edgar/data/1067983/000095013407011675/0000950134-07-011675.txt,https://www.sec.gov/Archives/edgar/data/1067983/0000950134-07-011675-index.html,2007-05-15,2007-03-31,6331,,DE,NE,1231,1067983_13FHR_2007_0000950134-07-011675.txt
1067983,BERKSHIRE HATHAWAY INC,13F-HR,2007-08-14,https://www.sec.gov/Archives/edgar/data/1067983/000095013407018234/0000950134-07-018234.txt,https://www.sec.gov/Archives/edgar/data/1067983/0000950134-07-018234-index.html,2007-08-14,2007-06-30,6331,,DE,NE,1231,1067983_13FHR_2007_0000950134-07-018234.txt
1067983,BERKSHIRE HATHAWAY INC,13F-HR,2007-11-14,https://www.sec.gov/Archives/edgar/data/1067983/000095013407024008/0000950134-07-024008.txt,https://www.sec.gov/Archives/edgar/data/1067983/0000950134-07-024008-index.html,2007-11-14,2007-09-30,6331,,DE,NE,1231,1067983_13FHR_2007_0000950134-07-024008.txt
1067983,BERKSHIRE HATHAWAY INC,13F-HR,2008-02-14,https://www.sec.gov/Archives/edgar/data/1067983/000095013408002742/0000950134-08-002742.txt,https://www.sec.gov/Archives/edgar/data/1067983/0000950134-08-002742-index.html,2008-02-14,2007-12-31,6331,,DE,NE,1231,1067983_13FHR_2007_0000950134-08-002742.txt
1067983,BERKSHIRE HATHAWAY INC,13F-HR,2008-05-15,https://www.sec.gov/Archives/edgar/data/1067983/000095014808000200/0000950148-08-000200.txt,https://www.sec.gov/Archives/edgar/data/1067983/0000950148-08-000200-index.html,2008-05-15,2008-03-31,6331,,DE,NE,1231,1067983_13FHR_2008_0000950148-08-000200.txt
1067983,BERKSHIRE HATHAWAY INC,13F-HR,2008-08-14,https://www.sec.gov/Archives/edgar/data/1067983/000095013408015283/0000950134-08-015283.txt,https://www.sec.gov/Archives/edgar/data/1067983/0000950134-08-015283-index.html,2008-08-14,2008-06-30,6331,,DE,NE,1231,1067983_13FHR_2008_0000950134-08-015283.txt
1067983,BERKSHIRE HATHAWAY INC,13F-HR,2008-11-14,https://www.sec.gov/Archives/edgar/data/1067983/000095013408020620/0000950134-08-020620.txt,https://www.sec.gov/Archives/edgar/data/1067983/0000950134-08-020620-index.html,2008-11-14,2008-09-30,6331,,DE,NE,1231,1067983_13FHR_2008_0000950134-08-020620.txt
1067983,BERKSHIRE HATHAWAY INC,13F-HR,2009-02-17,https://www.sec.gov/Archives/edgar/data/1067983/000095013409003064/0000950134-09-003064.txt,https://www.sec.gov/Archives/edgar/data/1067983/0000950134-09-003064-index.html,2009-02-17,2008-12-31,6331,,DE,NE,1231,1067983_13FHR_2008_0000950134-09-003064.txt
1067983,BERKSHIRE HATHAWAY INC,13F-HR,2009-05-15,https://www.sec.gov/Archives/edgar/data/1067983/000095013409010823/0000950134-09-010823.txt,https://www.sec.gov/Archives/edgar/data/1067983/0000950134-09-010823-index.html,2009-05-15,2009-03-31,6331,,DE,NE,1231,1067983_13FHR_2009_0000950134-09-010823.txt
1067983,BERKSHIRE HATHAWAY INC,13F-HR,2009-08-14,https://www.sec.gov/Archives/edgar/data/1067983/000095012309035453/0000950123-09-035453.txt,https://www.sec.gov/Archives/edgar/data/1067983/0000950123-09-035453-index.html,2009-08-14,2009-06-30,6331,,DE,NE,1231,1067983_13FHR_2009_0000950123-09-035453.txt
1067983,BERKSHIRE HATHAWAY INC,13F-HR,2009-11-16,https://www.sec.gov/Archives/edgar/data/1067983/000095012309063028/0000950123-09-063028.txt,https://www.sec.gov/Archives/edgar/data/1067983/0000950123-09-063028-index.html,2009-11-16,2009-09-30,6331,,DE,NE,1231,1067983_13FHR_2009_0000950123-09-063028.txt
1067983,BERKSHIRE HATHAWAY INC,13F-HR,2010-02-16,https://www.sec.gov/Archives/edgar/data/1067983/000095012310013284/0000950123-10-013284.txt,https://www.sec.gov/Archives/edgar/data/1067983/0000950123-10-013284-index.html,2010-02-16,2009-12-31,6331,,DE,NE,1231,1067983_13FHR_2009_0000950123-10-013284.txt
1067983,BERKSHIRE HATHAWAY INC,13F-HR,2010-05-17,https://www.sec.gov/Archives/edgar/data/1067983/000095012310050487/0000950123-10-050487.txt,https://www.sec.gov/Archives/edgar/data/1067983/0000950123-10-050487-index.html,2010-05-17,2010-03-31,6331,,DE,NE,1231,1067983_13FHR_2010_0000950123-10-050487.txt
1067983,BERKSHIRE HATHAWAY INC,13F-HR,2010-08-16,https://www.sec.gov/Archives/edgar/data/1067983/000095012310078001/0000950123-10-078001.txt,https://www.sec.gov/Archives/edgar/data/1067983/0000950123-10-078001-index.html,2010-08-16,2010-06-30,6331,,DE,NE,1231,1067983_13FHR_2010_0000950123-10-078001.txt
1067983,BERKSHIRE HATHAWAY INC,13F-HR,2010-11-15,https://www.sec.gov/Archives/edgar/data/1067983/000095012310105654/0000950123-10-105654.txt,https://www.sec.gov/Archives/edgar/data/1067983/0000950123-10-105654-index.html,2010-11-15,2010-09-30,6331,,DE,NE,1231,1067983_13FHR_2010_0000950123-10-105654.txt
1067983,BERKSHIRE HATHAWAY INC,13F-HR,2011-02-14,https://www.sec.gov/Archives/edgar/data/1067983/000095012311013623/0000950123-11-013623.txt,https://www.sec.gov/Archives/edgar/data/1067983/0000950123-11-013623-index.html,2011-02-14,2010-12-31,6331,,DE,NE,1231,1067983_13FHR_2010_0000950123-11-013623.txt
1067983,BERKSHIRE HATHAWAY INC,13F-HR,2011-05-16,https://www.sec.gov/Archives/edgar/data/1067983/000095012311050728/0000950123-11-050728.txt,https://www.sec.gov/Archives/edgar/data/1067983/0000950123-11-050728-index.html,2011-05-16,2011-03-31,6331,,DE,NE,1231,1067983_13FHR_2011_0000950123-11-050728.txt
1067983,BERKSHIRE HATHAWAY INC,13F-HR,2011-08-15,https://www.sec.gov/Archives/edgar/data/1067983/000119312511223118/0001193125-11-223118.txt,https://www.sec.gov/Archives/edgar/data/1067983/0001193125-11-223118-index.html,2011-08-15,2011-06-30,6331,,DE,NE,1231,1067983_13FHR_2011_0001193125-11-223118.txt
1067983,BERKSHIRE HATHAWAY INC,13F-HR,2011-11-14,https://www.sec.gov/Archives/edgar/data/1067983/000119312511310972/0001193125-11-310972.txt,https://www.sec.gov/Archives/edgar/data/1067983/0001193125-11-310972-index.html,2011-11-14,2011-09-30,6331,,DE,NE,1231,1067983_13FHR_2011_0001193125-11-310972.txt
1067983,BERKSHIRE HATHAWAY INC,13F-HR,2012-02-14,https://www.sec.gov/Archives/edgar/data/1067983/000119312512060928/0001193125-12-060928.txt,https://www.sec.gov/Archives/edgar/data/1067983/0001193125-12-060928-index.html,2012-02-14,2011-12-31,6331,,DE,NE,1231,1067983_13FHR_2011_0001193125-12-060928.txt
1067983,BERKSHIRE HATHAWAY INC,13F-HR,2012-05-15,https://www.sec.gov/Archives/edgar/data/1067983/000119312512234582/0001193125-12-234582.txt,https://www.sec.gov/Archives/edgar/data/1067983/0001193125-12-234582-index.html,2012-05-15,2012-03-31,6331,,DE,NE,1231,1067983_13FHR_2012_0001193125-12-234582.txt
1067983,BERKSHIRE HATHAWAY INC,13F-HR,2012-08-14,https://www.sec.gov/Archives/edgar/data/1067983/000119312512355534/0001193125-12-355534.txt,https://www.sec.gov/Archives/edgar/data/1067983/0001193125-12-355534-index.html,2012-08-14,2012-06-30,6331,,DE,NE,1231,1067983_13FHR_2012_0001193125-12-355534.txt
1067983,BERKSHIRE HATHAWAY INC,13F-HR,2012-11-14,https://www.sec.gov/Archives/edgar/data/1067983/000119312512470800/0001193125-12-470800.txt,https://www.sec.gov/Archives/edgar/data/1067983/0001193125-12-470800-index.html,2012-11-14,2012-09-30,6331,,DE,NE,1231,1067983_13FHR_2012_0001193125-12-470800.txt
1067983,BERKSHIRE HATHAWAY INC,13F-HR,2013-02-14,https://www.sec.gov/Archives/edgar/data/1067983/000119312513060317/0001193125-13-060317.txt,https://www.sec.gov/Archives/edgar/data/1067983/0001193125-13-060317-index.html,2013-02-14,2012-12-31,6331,,DE,NE,1231,1067983_13FHR_2012_0001193125-13-060317.txt
1067983,BERKSHIRE HATHAWAY INC,13F-HR,2013-05-15,https://www.sec.gov/Archives/edgar/data/1067983/000119312513222307/0001193125-13-222307.txt,https://www.sec.gov/Archives/edgar/data/1067983/0001193125-13-222307-index.html,2013-05-15,2013-03-31,6331,,DE,NE,1231,1067983_13FHR_2013_0001193125-13-222307.txt
1067983,BERKSHIRE HATHAWAY INC,13F-HR,2013-08-15,https://www.sec.gov/Archives/edgar/data/1067983/000095012313006925/0000950123-13-006925.txt,https://www.sec.gov/Archives/edgar/data/1067983/0000950123-13-006925-index.html,2013-08-15,2013-06-30,6331,,DE,NE,1231,1067983_13FHR_2013_0000950123-13-006925.txt
1067983,BERKSHIRE HATHAWAY INC,13F-HR,2013-11-14,https://www.sec.gov/Archives/edgar/data/1067983/000095012313009777/0000950123-13-009777.txt,https://www.sec.gov/Archives/edgar/data/1067983/0000950123-13-009777-index.html,2013-11-14,2013-09-30,6331,,DE,NE,1231,1067983_13FHR_2013_0000950123-13-009777.txt
1067983,BERKSHIRE HATHAWAY INC,13F-HR,2014-02-14,https://www.sec.gov/Archives/edgar/data/1067983/000095012314002615/0000950123-14-002615.txt,https://www.sec.gov/Archives/edgar/data/1067983/0000950123-14-002615-index.html,2014-02-14,2013-12-31,6331,,DE,NE,1231,1067983_13FHR_2013_0000950123-14-002615.txt
1067983,BERKSHIRE HATHAWAY INC,13F-HR,2014-05-15,https://www.sec.gov/Archives/edgar/data/1067983/000095012314006252/0000950123-14-006252.txt,https://www.sec.gov/Archives/edgar/data/1067983/0000950123-14-006252-index.html,2014-05-15,2014-03-31,6331,,DE,NE,1231,1067983_13FHR_2014_0000950123-14-006252.txt
1067983,BERKSHIRE HATHAWAY INC,13F-HR,2014-08-14,https://www.sec.gov/Archives/edgar/data/1067983/000095012314009048/0000950123-14-009048.txt,https://www.sec.gov/Archives/edgar/data/1067983/0000950123-14-009048-index.html,2014-08-14,2014-06-30,6331,,DE,NE,1231,1067983_13FHR_2014_0000950123-14-009048.txt
1067983,BERKSHIRE HATHAWAY INC,13F-HR,2014-11-14,https://www.sec.gov/Archives/edgar/data/1067983/000095012314012218/0000950123-14-012218.txt,https://www.sec.gov/Archives/edgar/data/1067983/0000950123-14-012218-index.html,2014-11-14,2014-09-30,6331,,DE,NE,1231,1067983_13FHR_2014_0000950123-14-012218.txt
1067983,BERKSHIRE HATHAWAY INC,13F-HR,2015-02-17,https://www.sec.gov/Archives/edgar/data/1067983/000095012315002961/0000950123-15-002961.txt,https://www.sec.gov/Archives/edgar/data/1067983/0000950123-15-002961-index.html,2015-02-17,2014-12-31,6331,,DE,NE,1231,1067983_13FHR_2014_0000950123-15-002961.txt
1067983,BERKSHIRE HATHAWAY INC,13F-HR,2015-05-15,https://www.sec.gov/Archives/edgar/data/1067983/000095012315006438/0000950123-15-006438.txt,https://www.sec.gov/Archives/edgar/data/1067983/0000950123-15-006438-index.html,2015-05-15,2015-03-31,6331,,DE,NE,1231,1067983_13FHR_2015_0000950123-15-006438.txt
1067983,BERKSHIRE HATHAWAY INC,13F-HR,2015-08-14,https://www.sec.gov/Archives/edgar/data/1067983/000095012315009404/0000950123-15-009404.txt,https://www.sec.gov/Archives/edgar/data/1067983/0000950123-15-009404-index.html,2015-08-14,2015-06-30,6331,,DE,NE,1231,1067983_13FHR_2015_0000950123-15-009404.txt
1067983,BERKSHIRE HATHAWAY INC,13F-HR,2015-11-16,https://www.sec.gov/Archives/edgar/data/1067983/000095012315011992/0000950123-15-011992.txt,https://www.sec.gov/Archives/edgar/data/1067983/0000950123-15-011992-index.html,2015-11-16,2015-09-30,6331,,DE,NE,1231,1067983_13FHR_2015_0000950123-15-011992.txt
1067983,BERKSHIRE HATHAWAY INC,13F-HR,2016-02-16,https://www.sec.gov/Archives/edgar/data/1067983/000095012316015025/0000950123-16-015025.txt,https://www.sec.gov/Archives/edgar/data/1067983/0000950123-16-015025-index.html,2016-02-16,2015-12-31,6331,,DE,NE,1231,1067983_13FHR_2015_0000950123-16-015025.txt
1067983,BERKSHIRE HATHAWAY INC,13F-HR,2016-05-16,https://www.sec.gov/Archives/edgar/data/1067983/000095012316017295/0000950123-16-017295.txt,https://www.sec.gov/Archives/edgar/data/1067983/0000950123-16-017295-index.html,2016-05-16,2016-03-31,6331,,DE,NE,1231,1067983_13FHR_2016_0000950123-16-017295.txt
1067983,BERKSHIRE HATHAWAY INC,13F-HR,2016-08-15,https://www.sec.gov/Archives/edgar/data/1067983/000095012316020120/0000950123-16-020120.txt,https://www.sec.gov/Archives/edgar/data/1067983/0000950123-16-020120-index.html,2016-08-15,2016-06-30,6331,,DE,NE,1231,1067983_13FHR_2016_0000950123-16-020120.txt
1067983,BERKSHIRE HATHAWAY INC,13F-HR,2016-11-14,https://www.sec.gov/Archives/edgar/data/1067983/000095012316022377/0000950123-16-022377.txt,https://www.sec.gov/Archives/edgar/data/1067983/0000950123-16-022377-index.html,2016-11-14,2016-09-30,6331,,DE,NE,1231,1067983_13FHR_2016_0000950123-16-022377.txt
1067983,BERKSHIRE HATHAWAY INC,13F-HR,2017-02-14,https://www.sec.gov/Archives/edgar/data/1067983/000095012317002417/0000950123-17-002417.txt,https://www.sec.gov/Archives/edgar/data/1067983/0000950123-17-002417-index.html,2017-02-14,2016-12-31,6331,,DE,NE,1231,1067983_13FHR_2016_0000950123-17-002417.txt
1067983,BERKSHIRE HATHAWAY INC,13F-HR,2017-05-15,https://www.sec.gov/Archives/edgar/data/1067983/000095012317005259/0000950123-17-005259.txt,https://www.sec.gov/Archives/edgar/data/1067983/0000950123-17-005259-index.html,2017-05-15,2017-03-31,6331,,DE,NE,1231,1067983_13FHR_2017_0000950123-17-005259.txt
1067983,BERKSHIRE HATHAWAY INC,13F-HR,2017-08-14,https://www.sec.gov/Archives/edgar/data/1067983/000095012317007953/0000950123-17-007953.txt,https://www.sec.gov/Archives/edgar/data/1067983/0000950123-17-007953-index.html,2017-08-14,2017-06-30,6331,,DE,NE,1231,1067983_13FHR_2017_0000950123-17-007953.txt
1067983,BERKSHIRE HATHAWAY INC,13F-HR,2017-11-14,https://www.sec.gov/Archives/edgar/data/1067983/000095012317010896/0000950123-17-010896.txt,https://www.sec.gov/Archives/edgar/data/1067983/0000950123-17-010896-index.html,2017-11-14,2017-09-30,6331,,DE,NE,1231,1067983_13FHR_2017_0000950123-17-010896.txt
1067983,BERKSHIRE HATHAWAY INC,13F-HR,2018-02-14,https://www.sec.gov/Archives/edgar/data/1067983/000095012318002390/0000950123-18-002390.txt,https://www.sec.gov/Archives/edgar/data/1067983/0000950123-18-002390-index.html,2018-02-14,2017-12-31,6331,,DE,NE,1231,1067983_13FHR_2017_0000950123-18-002390.txt
1067983,BERKSHIRE HATHAWAY INC,13F-HR,2018-05-15,https://www.sec.gov/Archives/edgar/data/1067983/000095012318005732/0000950123-18-005732.txt,https://www.sec.gov/Archives/edgar/data/1067983/0000950123-18-005732-index.html,2018-05-15,2018-03-31,6331,,DE,NE,1231,1067983_13FHR_2018_0000950123-18-005732.txt
1067983,BERKSHIRE HATHAWAY INC,13F-HR,2018-08-14,https://www.sec.gov/Archives/edgar/data/1067983/000095012318008866/0000950123-18-008866.txt,https://www.sec.gov/Archives/edgar/data/1067983/0000950123-18-008866-index.html,2018-08-14,2018-06-30,6331,,DE,NE,1231,1067983_13FHR_2018_0000950123-18-008866.txt
1067983,BERKSHIRE HATHAWAY INC,13F-HR,2018-11-14,https://www.sec.gov/Archives/edgar/data/1067983/000095012318011885/0000950123-18-011885.txt,https://www.sec.gov/Archives/edgar/data/1067983/0000950123-18-011885-index.html,2018-11-14,2018-09-30,6331,,DE,NE,1231,1067983_13FHR_2018_0000950123-18-011885.txt
1067983,BERKSHIRE HATHAWAY INC,13F-HR,2019-02-14,https://www.sec.gov/Archives/edgar/data/1067983/000095012319002221/0000950123-19-002221.txt,https://www.sec.gov/Archives/edgar/data/1067983/0000950123-19-002221-index.html,2019-02-14,2018-12-31,6331,,DE,NE,1231,1067983_13FHR_2018_0000950123-19-002221.txt
1067983,BERKSHIRE HATHAWAY INC,13F-HR,2019-05-15,https://www.sec.gov/Archives/edgar/data/1067983/000095012319005436/0000950123-19-005436.txt,https://www.sec.gov/Archives/edgar/data/1067983/0000950123-19-005436-index.html,2019-05-15,2019-03-31,6331,,DE,NE,1231,1067983_13FHR_2019_0000950123-19-005436.txt
1067983,BERKSHIRE HATHAWAY INC,13F-HR,2019-08-14,https://www.sec.gov/Archives/edgar/data/1067983/000095012319008356/0000950123-19-008356.txt,https://www.sec.gov/Archives/edgar/data/1067983/0000950123-19-008356-index.html,2019-08-14,2019-06-30,6331,,DE,NE,1231,1067983_13FHR_2019_0000950123-19-008356.txt
1067983,BERKSHIRE HATHAWAY INC,13F-HR,2019-11-14,https://www.sec.gov/Archives/edgar/data/1067983/000095012319011362/0000950123-19-011362.txt,https://www.sec.gov/Archives/edgar/data/1067983/0000950123-19-011362-index.html,2019-11-14,2019-09-30,6331,,DE,NE,1231,1067983_13FHR_2019_0000950123-19-011362.txt
1067983,BERKSHIRE HATHAWAY INC,13F-HR,2020-02-14,https://www.sec.gov/Archives/edgar/data/1067983/000095012320002466/0000950123-20-002466.txt,https://www.sec.gov/Archives/edgar/data/1067983/0000950123-20-002466-index.html,2020-02-14,2019-12-31,6331,,DE,NE,1231,1067983_13FHR_2019_0000950123-20-002466.txt
1067983,BERKSHIRE HATHAWAY INC,13F-HR,2020-05-15,https://www.sec.gov/Archives/edgar/data/1067983/000095012320005345/0000950123-20-005345.txt,https://www.sec.gov/Archives/edgar/data/1067983/0000950123-20-005345-index.html,2020-05-15,2020-03-31,6331,,DE,NE,1231,1067983_13FHR_2020_0000950123-20-005345.txt
1067983,BERKSHIRE HATHAWAY INC,13F-HR,2020-08-14,https://www.sec.gov/Archives/edgar/data/1067983/000095012320009058/0000950123-20-009058.txt,https://www.sec.gov/Archives/edgar/data/1067983/0000950123-20-009058-index.html,2020-08-14,2020-06-30,6331,,DE,NE,1231,1067983_13FHR_2020_0000950123-20-009058.txt
1067983,BERKSHIRE HATHAWAY INC,13F-HR,2020-11-16,https://www.sec.gov/Archives/edgar/data/1067983/000095012320012127/0000950123-20-012127.txt,https://www.sec.gov/Archives/edgar/data/1067983/0000950123-20-012127-index.html,2020-11-16,2020-09-30,6331,,DE,NE,1231,1067983_13FHR_2020_0000950123-20-012127.txt
1067983,BERKSHIRE HATHAWAY INC,13F-HR,2021-02-16,https://www.sec.gov/Archives/edgar/data/1067983/000095012321002786/0000950123-21-002786.txt,https://www.sec.gov/Archives/edgar/data/1067983/0000950123-21-002786-index.html,2021-02-16,2020-12-31,6331,,DE,NE,1231,1067983_13FHR_2020_0000950123-21-002786.txt
1067983,BERKSHIRE HATHAWAY INC,13F-HR,2021-05-17,https://www.sec.gov/Archives/edgar/data/1067983/000095012321007024/0000950123-21-007024.txt,https://www.sec.gov/Archives/edgar/data/1067983/0000950123-21-007024-index.html,2021-05-17,2021-03-31,6331,,DE,NE,1231,1067983_13FHR_2021_0000950123-21-007024.txt
1067983,BERKSHIRE HATHAWAY INC,13F-HR,2021-08-16,https://www.sec.gov/Archives/edgar/data/1067983/000095012321011396/0000950123-21-011396.txt,https://www.sec.gov/Archives/edgar/data/1067983/0000950123-21-011396-index.html,2021-08-16,2021-06-30,6331,,DE,NE,1231,1067983_13FHR_2021_0000950123-21-011396.txt
1067983,BERKSHIRE HATHAWAY INC,13F-HR,2021-11-15,https://www.sec.gov/Archives/edgar/data/1067983/000095012321015518/0000950123-21-015518.txt,https://www.sec.gov/Archives/edgar/data/1067983/0000950123-21-015518-index.html,2021-11-15,2021-09-30,6331,,DE,NE,1231,1067983_13FHR_2021_0000950123-21-015518.txt
102909,VANGUARD GROUP INC,13F-HR,2013-02-01,https://www.sec.gov/Archives/edgar/data/102909/000093247113001106/0000932471-13-001106.txt,https://www.sec.gov/Archives/edgar/data/102909/0000932471-13-001106-index.html,2013-02-01,2012-12-31,,,PA,PA,1231,102909_13FHR_2012_0000932471-13-001106.txt
1029160,SOROS FUND MANAGEMENT LLC,13F-HR,2013-02-14,https://www.sec.gov/Archives/edgar/data/1029160/000101143813000136/0001011438-13-000136.txt,https://www.sec.gov/Archives/edgar/data/1029160/0001011438-13-000136-index.html,2013-02-14,2012-12-31,,,DE,NY,1231,1029160_13FHR_2012_0001011438-13-000136.txt
1350694,"Bridgewater Associates, LP",13F-HR,2013-02-13,https://www.sec.gov/Archives/edgar/data/1350694/000114036113006490/0001140361-13-006490.txt,https://www.sec.gov/Archives/edgar/data/1350694/0001140361-13-006490-index.html,2013-02-13,2012-12-31,,,DE,CT,1231,1350694_13FHR_2012_0001140361-13-006490.txt
1364742,BlackRock Inc.,13F-HR,2013-02-12,https://www.sec.gov/Archives/edgar/data/1364742/000108636413003622/0001086364-13-003622.txt,https://www.sec.gov/Archives/edgar/data/1364742/0001086364-13-003622-index.html,2013-02-12,2012-12-31,6211,,DE,NY,0226,1364742_13FHR_2012_0001086364-13-003622.txt
19617,JPMORGAN CHASE & CO,13F-HR,2013-02-07,https://www.sec.gov/Archives/edgar/data/19617/000001961713000198/0000019617-13-000198.txt,https://www.sec.gov/Archives/edgar/data/19617/0000019617-13-000198-index.html,2013-02-07,2012-12-31,6021,,DE,NY,1231,19617_13FHR_2012_0000019617-13-000198.txt
886982,GOLDMAN SACHS GROUP INC,13F-HR,2013-02-14,https://www.sec.gov/Archives/edgar/data/886982/000076999313000258/0000769993-13-000258.txt,https://www.sec.gov/Archives/edgar/data/886982/0000769993-13-000258-index.html,2013-02-14,2012-12-31,6211,,DE,NY,1231,886982_13FHR_2012_0000769993-13-000258.txt
102909,VANGUARD GROUP INC,13F-HR,2013-04-15,https://www.sec.gov/Archives/edgar/data/102909/000093247113006253/0000932471-13-006253.txt,https://www.sec.gov/Archives/edgar/data/102909/0000932471-13-006253-index.html,2013-04-15,2013-03-31,,,PA,PA,1231,102909_13FHR_2013_0000932471-13-006253.txt
1029160,SOROS FUND MANAGEMENT LLC,13F-HR,2013-05-15,https://www.sec.gov/Archives/edgar/data/1029160/000114036113021038/0001140361-13-021038.txt,https://www.sec.gov/Archives/edgar/data/1029160/0001140361-13-021038-index.html,2013-05-15,2013-03-31,,,DE,NY,1231,1029160_13FHR_2013_0001140361-13-021038.txt
1350694,"Bridgewater Associates, LP",13F-HR,2013-05-13,https://www.sec.gov/Archives/edgar/data/1350694/000114036113020200/0001140361-13-020200.txt,https://www.sec.gov/Archives/edgar/data/1350694/0001140361-13-020200-index.html,2013-05-13,2013-03-31,,,DE,CT,1231,1350694_13FHR_2013_0001140361-13-020200.txt
1364742,BlackRock Inc.,13F-HR,2013-04-18,https://www.sec.gov/Archives/edgar/data/1364742/000108636413003675/0001086364-13-003675.txt,https://www.sec.gov/Archives/edgar/data/1364742/0001086364-13-003675-index.html,2013-04-18,2013-03-31,6211,,DE,NY,0226,1364742_13FHR_2013_0001086364-13-003675.txt
19617,JPMORGAN CHASE & CO,13F-HR,2013-04-25,https://www.sec.gov/Archives/edgar/data/19617/000001961713000276/0000019617-13-000276.txt,https://www.sec.gov/Archives/edgar/data/19617/0000019617-13-000276-index.html,2013-04-25,2013-03-31,6021,,DE,NY,1231,19617_13FHR_2013_0000019617-13-000276.txt
886982,GOLDMAN SACHS GROUP INC,13F-HR,2013-05-15,https://www.sec.gov/Archives/edgar/data/886982/000076999313000351/0000769993-13-000351.txt,https://www.sec.gov/Archives/edgar/data/886982/0000769993-13-000351-index.html,2013-05-15,2013-03-31,6211,,DE,NY,1231,886982_13FHR_2013_0000769993-13-000351.txt
102909,VANGUARD GROUP INC,13F-HR,2013-08-13,https://www.sec.gov/Archives/edgar/data/102909/000095012313006181/0000950123-13-006181.txt,https://www.sec.gov/Archives/edgar/data/102909/0000950123-13-006181-index.html,2013-08-13,2013-06-30,,,PA,PA,1231,102909_13FHR_2013_0000950123-13-006181.txt
1029160,SOROS FUND MANAGEMENT LLC,13F-HR,2013-08-14,https://www.sec.gov/Archives/edgar/data/1029160/000114036113032845/0001140361-13-032845.txt,https://www.sec.gov/Archives/edgar/data/1029160/0001140361-13-032845-index.html,2013-08-14,2013-06-30,,,DE,NY,1231,1029160_13FHR_2013_0001140361-13-032845.txt
1350694,"Bridgewater Associates, LP",13F-HR,2013-08-13,https://www.sec.gov/Archives/edgar/data/1350694/000114036113031944/0001140361-13-031944.txt,https://www.sec.gov/Archives/edgar/data/1350694/0001140361-13-031944-index.html,2013-08-13,2013-06-30,,,DE,CT,1231,1350694_13FHR_2013_0001140361-13-031944.txt
1364742,BlackRock Inc.,13F-HR,2013-08-13,https://www.sec.gov/Archives/edgar/data/1364742/000108636413004117/0001086364-13-004117.txt,https://www.sec.gov/Archives/edgar/data/1364742/0001086364-13-004117-index.html,2013-08-13,2013-06-30,6211,,DE,NY,0226,1364742_13FHR_2013_0001086364-13-004117.txt
19617,JPMORGAN CHASE & CO,13F-HR,2013-08-13,https://www.sec.gov/Archives/edgar/data/19617/000001961713000358/0000019617-13-000358.txt,https://www.sec.gov/Archives/edgar/data/19617/0000019617-13-000358-index.html,2013-08-13,2013-06-30,6021,,DE,NY,1231,19617_13FHR_2013_0000019617-13-000358.txt
886982,GOLDMAN SACHS GROUP INC,13F-HR,2013-08-14,https://www.sec.gov/Archives/edgar/data/886982/000076999313000444/0000769993-13-000444.txt,https://www.sec.gov/Archives/edgar/data/886982/0000769993-13-000444-index.html,2013-08-14,2013-06-30,6211,,DE,NY,1231,886982_13FHR_2013_0000769993-13-000444.txt
102909,VANGUARD GROUP INC,13F-HR,2013-11-07,https://www.sec.gov/Archives/edgar/data/102909/000095012313008549/0000950123-13-008549.txt,https://www.sec.gov/Archives/edgar/data/102909/0000950123-13-008549-index.html,2013-11-07,2013-09-30,,,PA,PA,1231,102909_13FHR_2013_0000950123-13-008549.txt
1029160,SOROS FUND MANAGEMENT LLC,13F-HR,2013-11-14,https://www.sec.gov/Archives/edgar/data/1029160/000114036113042843/0001140361-13-042843.txt,https://www.sec.gov/Archives/edgar/data/1029160/0001140361-13-042843-index.html,2013-11-14,2013-09-30,,,DE,NY,1231,1029160_13FHR_2013_0001140361-13-042843.txt
1350694,"Bridgewater Associates, LP",13F-HR,2013-11-13,https://www.sec.gov/Archives/edgar/data/1350694/000114036113042089/0001140361-13-042089.txt,https://www.sec.gov/Archives/edgar/data/1350694/0001140361-13-042089-index.html,2013-11-13,2013-09-30,,,DE,CT,1231,1350694_13FHR_2013_0001140361-13-042089.txt
1364742,BlackRock Inc.,13F-HR,2013-11-12,https://www.sec.gov/Archives/edgar/data/1364742/000108636413004304/0001086364-13-004304.txt,https://www.sec.gov/Archives/edgar/data/1364742/0001086364-13-004304-index.html,2013-11-12,2013-09-30,6211,,DE,NY,0226,1364742_13FHR_2013_0001086364-13-004304.txt
19617,JPMORGAN CHASE & CO,13F-HR,2013-10-31,https://www.sec.gov/Archives/edgar/data/19617/000001961713000398/0000019617-13-000398.txt,https://www.sec.gov/Archives/edgar/data/19617/0000019617-13-000398-index.html,2013-10-31,2013-09-30,6021,,DE,NY,1231,19617_13FHR_2013_0000019617-13-000398.txt
886982,GOLDMAN SACHS GROUP INC,13F-HR,2013-11-14,https://www.sec.gov/Archives/edgar/data/886982/000076999313000515/0000769993-13-000515.txt,https://www.sec.gov/Archives/edgar/data/886982/0000769993-13-000515-index.html,2013-11-14,2013-09-30,6211,,DE,NY,1231,886982_13FHR_2013_0000769993-13-000515.txt
102909,VANGUARD GROUP INC,13F-HR,2014-02-12,https://www.sec.gov/Archives/edgar/data/102909/000095012314001756/0000950123-14-001756.txt,https://www.sec.gov/Archives/edgar/data/102909/0000950123-14-001756-index.html,2014-02-12,2013-12-31,,,PA,PA,1231,102909_13FHR_2013_0000950123-14-001756.txt
1029160,SOROS FUND MANAGEMENT LLC,13F-HR,2014-02-14,https://www.sec.gov/Archives/edgar/data/1029160/000114036114007869/0001140361-14-007869.txt,https://www.sec.gov/Archives/edgar/data/1029160/0001140361-14-007869-index.html,2014-02-14,2013-12-31,,,DE,NY,1231,1029160_13FHR_2013_0001140361-14-007869.txt
1350694,"Bridgewater Associates, LP",13F-HR,2014-02-12,https://www.sec.gov/Archives/edgar/data/1350694/000114036114006358/0001140361-14-006358.txt,https://www.sec.gov/Archives/edgar/data/1350694/0001140361-14-006358-index.html,2014-02-12,2013-12-31,,,DE,CT,1231,1350694_13FHR_2013_0001140361-14-006358.txt
1364742,BlackRock Inc.,13F-HR,2014-02-12,https://www.sec.gov/Archives/edgar/data/1364742/000108636414002230/0001086364-14-002230.txt,https://www.sec.gov/Archives/edgar/data/1364742/0001086364-14-002230-index.html,2014-02-12,2013-12-31,6211,,DE,NY,0226,1364742_13FHR_2013_0001086364-14-002230.txt
19617,JPMORGAN CHASE & CO,13F-HR,2014-02-13,https://www.sec.gov/Archives/edgar/data/19617/000001961714000264/0000019617-14-000264.txt,https://www.sec.gov/Archives/edgar/data/19617/0000019617-14-000264-index.html,2014-02-13,2013-12-31,6021,,DE,NY,1231,19617_13FHR_2013_0000019617-14-000264.txt
886982,GOLDMAN SACHS GROUP INC,13F-HR,2014-02-14,https://www.sec.gov/Archives/edgar/data/886982/000076999314000296/0000769993-14-000296.txt,https://www.sec.gov/Archives/edgar/data/886982/0000769993-14-000296-index.html,2014-02-14,2013-12-31,6211,,DE,NY,1231,886982_13FHR_2013_0000769993-14-000296.txt
102909,VANGUARD GROUP INC,13F-HR,2014-05-13,https://www.sec.gov/Archives/edgar/data/102909/000095012314005578/0000950123-14-005578.txt,https://www.sec.gov/Archives/edgar/data/102909/0000950123-14-005578-index.html,2014-05-13,2014-03-31,,,PA,PA,1231,102909_13FHR_2014_0000950123-14-005578.txt
1029160,SOROS FUND MANAGEMENT LLC,13F-HR,2014-05-15,https://www.sec.gov/Archives/edgar/data/1029160/000114036114021633/0001140361-14-021633.txt,https://www.sec.gov/Archives/edgar/data/1029160/0001140361-14-021633-index.html,2014-05-15,2014-03-31,,,DE,NY,1231,1029160_13FHR_2014_0001140361-14-021633.txt
1350694,"Bridgewater Associates, LP",13F-HR,2014-05-14,https://www.sec.gov/Archives/edgar/data/1350694/000114036114021000/0001140361-14-021000.txt,https://www.sec.gov/Archives/edgar/data/1350694/0001140361-14-021000-index.html,2014-05-14,2014-03-31,,,DE,CT,1231,1350694_13FHR_2014_0001140361-14-021000.txt
1364742,BlackRock Inc.,13F-HR,2014-05-02,https://www.sec.gov/Archives/edgar/data/1364742/000108636414002322/0001086364-14-002322.txt,https://www.sec.gov/Archives/edgar/data/1364742/0001086364-14-002322-index.html,2014-05-02,2014-03-31,6211,,DE,NY,0226,1364742_13FHR_2014_0001086364-14-002322.txt
19617,JPMORGAN CHASE & CO,13F-HR,2014-05-15,https://www.sec.gov/Archives/edgar/data/19617/000001961714000357/0000019617-14-000357.txt,https://www.sec.gov/Archives/edgar/data/19617/0000019617-14-000357-index.html,2014-05-15,2014-03-31,6021,,DE,NY,1231,19617_13FHR_2014_0000019617-14-000357.txt
886982,GOLDMAN SACHS GROUP INC,13F-HR,2014-05-15,https://www.sec.gov/Archives/edgar/data/886982/000076999314000359/0000769993-14-000359.txt,https://www.sec.gov/Archives/edgar/data/886982/0000769993-14-000359-index.html,2014-05-15,2014-03-31,6211,,DE,NY,1231,886982_13FHR_2014_0000769993-14-000359.txt
102909,VANGUARD GROUP INC,13F-HR,2014-08-11,https://www.sec.gov/Archives/edgar/data/102909/000095012314008218/0000950123-14-008218.txt,https://www.sec.gov/Archives/edgar/data/102909/0000950123-14-008218-index.html,2014-08-11,2014-06-30,,,PA,PA,1231,102909_13FHR_2014_0000950123-14-008218.txt
1029160,SOROS FUND MANAGEMENT LLC,13F-HR,2014-08-14,https://www.sec.gov/Archives/edgar/data/1029160/000114036114032820/0001140361-14-032820.txt,https://www.sec.gov/Archives/edgar/data/1029160/0001140361-14-032820-index.html,2014-08-14,2014-06-30,,,DE,NY,1231,1029160_13FHR_2014_0001140361-14-032820.txt
1350694,"Bridgewater Associates, LP",13F-HR,2014-08-12,https://www.sec.gov/Archives/edgar/data/1350694/000114036114031924/0001140361-14-031924.txt,https://www.sec.gov/Archives/edgar/data/1350694/0001140361-14-031924-index.html,2014-08-12,2014-06-30,,,DE,CT,1231,1350694_13FHR_2014_0001140361-14-031924.txt
1364742,BlackRock Inc.,13F-HR,2014-08-06,https://www.sec.gov/Archives/edgar/data/1364742/000108636414002503/0001086364-14-002503.txt,https://www.sec.gov/Archives/edgar/data/1364742/0001086364-14-002503-index.html,2014-08-06,2014-06-30,6211,,DE,NY,0226,1364742_13FHR_2014_0001086364-14-002503.txt
19617,JPMORGAN CHASE & CO,13F-HR,2014-08-14,https://www.sec.gov/Archives/edgar/data/19617/000001961714000425/0000019617-14-000425.txt,https://www.sec.gov/Archives/edgar/data/19617/0000019617-14-000425-index.html,2014-08-14,2014-06-30,6021,,DE,NY,1231,19617_13FHR_2014_0000019617-14-000425.txt
886982,GOLDMAN SACHS GROUP INC,13F-HR,2014-08-14,https://www.sec.gov/Archives/edgar/data/886982/000076999314000525/0000769993-14-000525.txt,https://www.sec.gov/Archives/edgar/data/886982/0000769993-14-000525-index.html,2014-08-14,2014-06-30,6211,,DE,NY,1231,886982_13FHR_2014_0000769993-14-000525.txt
102909,VANGUARD GROUP INC,13F-HR,2014-11-12,https://www.sec.gov/Archives/edgar/data/102909/000095012314011471/0000950123-14-011471.txt,https://www.sec.gov/Archives/edgar/data/102909/0000950123-14-011471-index.html,2014-11-12,2014-09-30,,,PA,PA,1231,102909_13FHR_2014_0000950123-14-011471.txt
1029160,SOROS FUND MANAGEMENT LLC,13F-HR,2014-11-14,https://www.sec.gov/Archives/edgar/data/1029160/000114036114042212/0001140361-14-042212.txt,https://www.sec.gov/Archives/edgar/data/1029160/0001140361-14-042212-index.html,2014-11-14,2014-09-30,,,DE,NY,1231,1029160_13FHR_2014_0001140361-14-042212.txt
1350694,"Bridgewater Associates, LP",13F-HR,2014-11-12,https://www.sec.gov/Archives/edgar/data/1350694/000114036114041083/0001140361-14-041083.txt,https://www.sec.gov/Archives/edgar/data/1350694/0001140361-14-041083-index.html,2014-11-12,2014-09-30,,,DE,CT,1231,1350694_13FHR_2014_0001140361-14-041083.txt
1364742,BlackRock Inc.,13F-HR,2014-10-29,https://www.sec.gov/Archives/edgar/data/1364742/000108636414002622/0001086364-14-002622.txt,https://www.sec.gov/Archives/edgar/data/1364742/0001086364-14-002622-index.html,2014-10-29,2014-09-30,6211,,DE,NY,0226,1364742_13FHR_2014_0001086364-14-002622.txt
19617,JPMORGAN CHASE & CO,13F-HR,2014-11-14,https://www.sec.gov/Archives/edgar/data/19617/000001961714000465/0000019617-14-000465.txt,https://www.sec.gov/Archives/edgar/data/19617/0000019617-14-000465-index.html,2014-11-14,2014-09-30,6021,,DE,NY,1231,19617_13FHR_2014_0000019617-14-000465.txt
886982,GOLDMAN SACHS GROUP INC,13F-HR,2014-11-14,https://www.sec.gov/Archives/edgar/data/886982/000076999314000617/0000769993-14-000617.txt,https://www.sec.gov/Archives/edgar/data/886982/0000769993-14-000617-index.html,2014-11-14,2014-09-30,6211,,DE,NY,1231,886982_13FHR_2014_0000769993-14-000617.txt
102909,VANGUARD GROUP INC,13F-HR,2015-02-12,https://www.sec.gov/Archives/edgar/data/102909/000095012315001662/0000950123-15-001662.txt,https://www.sec.gov/Archives/edgar/data/102909/0000950123-15-001662-index.html,2015-02-12,2014-12-31,,,PA,PA,1231,102909_13FHR_2014_0000950123-15-001662.txt
1029160,SOROS FUND MANAGEMENT LLC,13F-HR,2015-02-17,https://www.sec.gov/Archives/edgar/data/1029160/000114036115007300/0001140361-15-007300.txt,https://www.sec.gov/Archives/edgar/data/1029160/0001140361-15-007300-index.html,2015-02-17,2014-12-31,,,DE,NY,1231,1029160_13FHR_2014_0001140361-15-007300.txt
1350694,"Bridgewater Associates, LP",13F-HR,2015-02-11,https://www.sec.gov/Archives/edgar/data/1350694/000114036115005578/0001140361-15-005578.txt,https://www.sec.gov/Archives/edgar/data/1350694/0001140361-15-005578-index.html,2015-02-11,2014-12-31,,,DE,CT,1231,1350694_13FHR_2014_0001140361-15-005578.txt
1364742,BlackRock Inc.,13F-HR,2015-02-09,https://www.sec.gov/Archives/edgar/data/1364742/000108636415002009/0001086364-15-002009.txt,https://www.sec.gov/Archives/edgar/data/1364742/0001086364-15-002009-index.html,2015-02-09,2014-12-31,6211,,DE,NY,0226,1364742_13FHR_2014_0001086364-15-002009.txt
19617,JPMORGAN CHASE & CO,13F-HR,2015-02-13,https://www.sec.gov/Archives/edgar/data/19617/000001961715000249/0000019617-15-000249.txt,https://www.sec.gov/Archives/edgar/data/19617/0000019617-15-000249-index.html,2015-02-13,2014-12-31,6021,,DE,NY,1231,19617_13FHR_2014_0000019617-15-000249.txt
886982,GOLDMAN SACHS GROUP INC,13F-HR,2015-02-13,https://www.sec.gov/Archives/edgar/data/886982/000076999315000291/0000769993-15-000291.txt,https://www.sec.gov/Archives/edgar/data/886982/0000769993-15-000291-index.html,2015-02-13,2014-12-31,6211,,DE,NY,1231,886982_13FHR_2014_0000769993-15-000291.txt
102909,VANGUARD GROUP INC,13F-HR,2015-05-14,https://www.sec.gov/Archives/edgar/data/102909/000095012315005854/0000950123-15-005854.txt,https://www.sec.gov/Archives/edgar/data/102909/0000950123-15-005854-index.html,2015-05-14,2015-03-31,,,PA,PA,1231,102909_13FHR_2015_0000950123-15-005854.txt
1029160,SOROS FUND MANAGEMENT LLC,13F-HR,2015-05-15,https://www.sec.gov/Archives/edgar/data/1029160/000114036115020311/0001140361-15-020311.txt,https://www.sec.gov/Archives/edgar/data/1029160/0001140361-15-020311-index.html,2015-05-15,2015-03-31,,,DE,NY,1231,1029160_13FHR_2015_0001140361-15-020311.txt
1350694,"Bridgewater Associates, LP",13F-HR,2015-05-14,https://www.sec.gov/Archives/edgar/data/1350694/000114036115019529/0001140361-15-019529.txt,https://www.sec.gov/Archives/edgar/data/1350694/0001140361-15-019529-index.html,2015-05-14,2015-03-31,,,DE,CT,1231,1350694_13FHR_2015_0001140361-15-019529.txt
1364742,BlackRock Inc.,13F-HR,2015-05-13,https://www.sec.gov/Archives/edgar/data/1364742/000108636415002125/0001086364-15-002125.txt,https://www.sec.gov/Archives/edgar/data/1364742/0001086364-15-002125-index.html,2015-05-13,2015-03-31,6211,,DE,NY,0226,1364742_13FHR_2015_0001086364-15-002125.txt
19617,JPMORGAN CHASE & CO,13F-HR,2015-05-15,https://www.sec.gov/Archives/edgar/data/19617/000001961715000327/0000019617-15-000327.txt,https://www.sec.gov/Archives/edgar/data/19617/0000019617-15-000327-index.html,2015-05-15,2015-03-31,6021,,DE,NY,1231,19617_13FHR_2015_0000019617-15-000327.txt
886982,GOLDMAN SACHS GROUP INC,13F-HR,2015-05-15,https://www.sec.gov/Archives/edgar/data/886982/000076999315000653/0000769993-15-000653.txt,https://www.sec.gov/Archives/edgar/data/886982/0000769993-15-000653-index.html,2015-05-15,2015-03-31,6211,,DE,NY,1231,886982_13FHR_2015_0000769993-15-000653.txt
102909,VANGUARD GROUP INC,13F-HR,2015-08-13,https://www.sec.gov/Archives/edgar/data/102909/000095012315008811/0000950123-15-008811.txt,https://www.sec.gov/Archives/edgar/data/102909/0000950123-15-008811-index.html,2015-08-13,2015-06-30,,,PA,PA,1231,102909_13FHR_2015_0000950123-15-008811.txt
1029160,SOROS FUND MANAGEMENT LLC,13F-HR,2015-08-14,https://www.sec.gov/Archives/edgar/data/1029160/000114036115032209/0001140361-15-032209.txt,https://www.sec.gov/Archives/edgar/data/1029160/0001140361-15-032209-index.html,2015-08-14,2015-06-30,,,DE,NY,1231,1029160_13FHR_2015_0001140361-15-032209.txt
1350694,"Bridgewater Associates, LP",13F-HR,2015-08-11,https://www.sec.gov/Archives/edgar/data/1350694/000114036115030974/0001140361-15-030974.txt,https://www.sec.gov/Archives/edgar/data/1350694/0001140361-15-030974-index.html,2015-08-11,2015-06-30,,,DE,CT,1231,1350694_13FHR_2015_0001140361-15-030974.txt
1364742,BlackRock Inc.,13F-HR,2015-08-07,https://www.sec.gov/Archives/edgar/data/1364742/000108636415002170/0001086364-15-002170.txt,https://www.sec.gov/Archives/edgar/data/1364742/0001086364-15-002170-index.html,2015-08-07,2015-06-30,6211,,DE,NY,0226,1364742_13FHR_2015_0001086364-15-002170.txt
19617,JPMORGAN CHASE & CO,13F-HR,2015-08-14,https://www.sec.gov/Archives/edgar/data/19617/000001961715000373/0000019617-15-000373.txt,https://www.sec.gov/Archives/edgar/data/19617/0000019617-15-000373-index.html,2015-08-14,2015-06-30,6021,,DE,NY,1231,19617_13FHR_2015_0000019617-15-000373.txt
886982,GOLDMAN SACHS GROUP INC,13F-HR,2015-08-14,https://www.sec.gov/Archives/edgar/data/886982/000076999315000874/0000769993-15-000874.txt,https://www.sec.gov/Archives/edgar/data/886982/0000769993-15-000874-index.html,2015-08-14,2015-06-30,6211,,DE,NY,1231,886982_13FHR_2015_0000769993-15-000874.txt
102909,VANGUARD GROUP INC,13F-HR,2015-11-12,https://www.sec.gov/Archives/edgar/data/102909/000095012315011224/0000950123-15-011224.txt,https://www.sec.gov/Archives/edgar/data/102909/0000950123-15-011224-index.html,2015-11-12,2015-09-30,,,PA,PA,1231,102909_13FHR_2015_0000950123-15-011224.txt
1029160,SOROS FUND MANAGEMENT LLC,13F-HR,2015-11-16,https://www.sec.gov/Archives/edgar/data/1029160/000114036115041720/0001140361-15-041720.txt,https://www.sec.gov/Archives/edgar/data/1029160/0001140361-15-041720-index.html,2015-11-16,2015-09-30,,,DE,NY,1231,1029160_13FHR_2015_0001140361-15-041720.txt
1350694,"Bridgewater Associates, LP",13F-HR,2015-11-12,https://www.sec.gov/Archives/edgar/data/1350694/000114036115040647/0001140361-15-040647.txt,https://www.sec.gov/Archives/edgar/data/1350694/0001140361-15-040647-index.html,2015-11-12,2015-09-30,,,DE,CT,1231,1350694_13FHR_2015_0001140361-15-040647.txt
1364742,BlackRock Inc.,13F-HR,2015-11-13,https://www.sec.gov/Archives/edgar/data/1364742/000108636415002209/0001086364-15-002209.txt,https://www.sec.gov/Archives/edgar/data/1364742/0001086364-15-002209-index.html,2015-11-13,2015-09-30,6211,,DE,NY,0226,1364742_13FHR_2015_0001086364-15-002209.txt
19617,JPMORGAN CHASE & CO,13F-HR,2015-11-13,https://www.sec.gov/Archives/edgar/data/19617/000001961715000513/0000019617-15-000513.txt,https://www.sec.gov/Archives/edgar/data/19617/0000019617-15-000513-index.html,2015-11-13,2015-09-30,6021,,DE,NY,1231,19617_13FHR_2015_0000019617-15-000513.txt
886982,GOLDMAN SACHS GROUP INC,13F-HR,2015-11-13,https://www.sec.gov/Archives/edgar/data/886982/000076999315001022/0000769993-15-001022.txt,https://www.sec.gov/Archives/edgar/data/886982/0000769993-15-001022-index.html,2015-11-13,2015-09-30,6211,,DE,NY,1231,886982_13FHR_2015_0000769993-15-001022.txt
102909,VANGUARD GROUP INC,13F-HR,2016-02-08,https://www.sec.gov/Archives/edgar/data/102909/000095012316013563/0000950123-16-013563.txt,https://www.sec.gov/Archives/edgar/data/102909/0000950123-16-013563-index.html,2016-02-08,2015-12-31,,,PA,PA,1231,102909_13FHR_2015_0000950123-16-013563.txt
1029160,SOROS FUND MANAGEMENT LLC,13F-HR,2016-02-16,https://www.sec.gov/Archives/edgar/data/1029160/000114036116053193/0001140361-16-053193.txt,https://www.sec.gov/Archives/edgar/data/1029160/0001140361-16-053193-index.html,2016-02-16,2015-12-31,,,DE,NY,1231,1029160_13FHR_2015_0001140361-16-053193.txt
1350694,"Bridgewater Associates, LP",13F-HR,2016-02-11,https://www.sec.gov/Archives/edgar/data/1350694/000114036116051801/0001140361-16-051801.txt,https://www.sec.gov/Archives/edgar/data/1350694/0001140361-16-051801-index.html,2016-02-11,2015-12-31,,,DE,CT,1231,1350694_13FHR_2015_0001140361-16-051801.txt
1364742,BlackRock Inc.,13F-HR,2016-02-11,https://www.sec.gov/Archives/edgar/data/1364742/000108636416002274/0001086364-16-002274.txt,https://www.sec.gov/Archives/edgar/data/1364742/0001086364-16-002274-index.html,2016-02-11,2015-12-31,6211,,DE,NY,0226,1364742_13FHR_2015_0001086364-16-002274.txt
1649339,"Scion Asset Management, LLC",13F-HR,2016-02-16,https://www.sec.gov/Archives/edgar/data/1649339/000114036116052634/0001140361-16-052634.txt,https://www.sec.gov/Archives/edgar/data/1649339/0001140361-16-052634-index.html,2016-02-16,2015-12-31,,,DE,CA,1231,1649339_13FHR_2015_0001140361-16-052634.txt
19617,JPMORGAN CHASE & CO,13F-HR,2016-02-12,https://www.sec.gov/Archives/edgar/data/19617/000001961716000857/0000019617-16-000857.txt,https://www.sec.gov/Archives/edgar/data/19617/0000019617-16-000857-index.html,2016-02-12,2015-12-31,6021,,DE,NY,1231,19617_13FHR_2015_0000019617-16-000857.txt
886982,GOLDMAN SACHS GROUP INC,13F-HR,2016-02-16,https://www.sec.gov/Archives/edgar/data/886982/000076999316001461/0000769993-16-001461.txt,https://www.sec.gov/Archives/edgar/data/886982/0000769993-16-001461-index.html,2016-02-16,2015-12-31,6211,,DE,NY,1231,886982_13FHR_2015_0000769993-16-001461.txt
102909,VANGUARD GROUP INC,13F-HR,2016-05-13,https://www.sec.gov/Archives/edgar/data/102909/000095012316016978/0000950123-16-016978.txt,https://www.sec.gov/Archives/edgar/data/102909/0000950123-16-016978-index.html,2016-05-13,2016-03-31,,,PA,PA,1231,102909_13FHR_2016_0000950123-16-016978.txt
1029160,SOROS FUND MANAGEMENT LLC,13F-HR,2016-05-16,https://www.sec.gov/Archives/edgar/data/1029160/000114036116065687/0001140361-16-065687.txt,https://www.sec.gov/Archives/edgar/data/1029160/0001140361-16-065687-index.html,2016-05-16,2016-03-31,,,DE,NY,1231,1029160_13FHR_2016_0001140361-16-065687.txt
1350694,"Bridgewater Associates, LP",13F-HR,2016-05-13,https://www.sec.gov/Archives/edgar/data/1350694/000114036116065095/0001140361-16-065095.txt,https://www.sec.gov/Archives/edgar/data/1350694/0001140361-16-065095-index.html,2016-05-13,2016-03-31,,,DE,CT,1231,1350694_13FHR_2016_0001140361-16-065095.txt
1364742,BlackRock Inc.,13F-HR,2016-05-10,https://www.sec.gov/Archives/edgar/data/1364742/000108636416002309/0001086364-16-002309.txt,https://www.sec.gov/Archives/edgar/data/1364742/0001086364-16-002309-index.html,2016-05-10,2016-03-31,6211,,DE,NY,0226,1364742_13FHR_2016_0001086364-16-002309.txt
1649339,"Scion Asset Management, LLC",13F-HR,2016-05-16,https://www.sec.gov/Archives/edgar/data/1649339/000114036116065328/0001140361-16-065328.txt,https://www.sec.gov/Archives/edgar/data/1649339/0001140361-16-065328-index.html,2016-05-16,2016-03-31,,,DE,CA,1231,1649339_13FHR_2016_0001140361-16-065328.txt
19617,JPMORGAN CHASE & CO,13F-HR,2016-05-10,https://www.sec.gov/Archives/edgar/data/19617/000001961716000968/0000019617-16-000968.txt,https://www.sec.gov/Archives/edgar/data/19617/0000019617-16-000968-index.html,2016-05-10,2016-03-31,6021,,DE,NY,1231,19617_13FHR_2016_0000019617-16-000968.txt
886982,GOLDMAN SACHS GROUP INC,13F-HR,2016-05-13,https://www.sec.gov/Archives/edgar/data/886982/000076999316001620/0000769993-16-001620.txt,https://www.sec.gov/Archives/edgar/data/886982/0000769993-16-001620-index.html,2016-05-13,2016-03-31,6211,,DE,NY,1231,886982_13FHR_2016_0000769993-16-001620.txt
102909,VANGUARD GROUP INC,13F-HR,2016-08-10,https://www.sec.gov/Archives/edgar/data/102909/000095012316019102/0000950123-16-019102.txt,https://www.sec.gov/Archives/edgar/data/102909/0000950123-16-019102-index.html,2016-08-10,2016-06-30,,,PA,PA,1231,102909_13FHR_2016_0000950123-16-019102.txt
1029160,SOROS FUND MANAGEMENT LLC,13F-HR,2016-08-15,https://www.sec.gov/Archives/edgar/data/1029160/000114036116076685/0001140361-16-076685.txt,https://www.sec.gov/Archives/edgar/data/1029160/0001140361-16-076685-index.html,2016-08-15,2016-06-30,,,DE,NY,1231,1029160_13FHR_2016_0001140361-16-076685.txt
1350694,"Bridgewater Associates, LP",13F-HR,2016-08-10,https://www.sec.gov/Archives/edgar/data/1350694/000114036116075565/0001140361-16-075565.txt,https://www.sec.gov/Archives/edgar/data/1350694/0001140361-16-075565-index.html,2016-08-10,2016-06-30,,,DE,CT,1231,1350694_13FHR_2016_0001140361-16-075565.txt
1364742,BlackRock Inc.,13F-HR,2016-08-10,https://www.sec.gov/Archives/edgar/data/1364742/000103455116000004/0001034551-16-000004.txt,https://www.sec.gov/Archives/edgar/data/1364742/0001034551-16-000004-index.html,2016-08-10,2016-06-30,6211,,DE,NY,1231,1364742_13FHR_2016_0001034551-16-000004.txt
1649339,"Scion Asset Management, LLC",13F-HR,2016-08-15,https://www.sec.gov/Archives/edgar/data/1649339/000114036116076357/0001140361-16-076357.txt,https://www.sec.gov/Archives/edgar/data/1649339/0001140361-16-076357-index.html,2016-08-15,2016-06-30,,,DE,CA,1231,1649339_13FHR_2016_0001140361-16-076357.txt
19617,JPMORGAN CHASE & CO,13F-HR,2016-08-08,https://www.sec.gov/Archives/edgar/data/19617/000001961716001108/0000019617-16-001108.txt,https://www.sec.gov/Archives/edgar/data/19617/0000019617-16-001108-index.html,2016-08-08,2016-06-30,6021,,DE,NY,1231,19617_13FHR_2016_0000019617-16-001108.txt
886982,GOLDMAN SACHS GROUP INC,13F-HR,2016-08-15,https://www.sec.gov/Archives/edgar/data/886982/000076999316001721/0000769993-16-001721.txt,https://www.sec.gov/Archives/edgar/data/886982/0000769993-16-001721-index.html,2016-08-15,2016-06-30,6211,,DE,NY,1231,886982_13FHR_2016_0000769993-16-001721.txt
102909,VANGUARD GROUP INC,13F-HR,2016-11-14,https://www.sec.gov/Archives/edgar/data/102909/000095012316022127/0000950123-16-022127.txt,https://www.sec.gov/Archives/edgar/data/102909/0000950123-16-022127-index.html,2016-11-14,2016-09-30,,,PA,PA,1231,102909_13FHR_2016_0000950123-16-022127.txt
1029160,SOROS FUND MANAGEMENT LLC,13F-HR,2016-11-14,https://www.sec.gov/Archives/edgar/data/1029160/000114036116086458/0001140361-16-086458.txt,https://www.sec.gov/Archives/edgar/data/1029160/0001140361-16-086458-index.html,2016-11-14,2016-09-30,,,DE,NY,1231,1029160_13FHR_2016_0001140361-16-086458.txt
1350694,"Bridgewater Associates, LP",13F-HR,2016-11-09,https://www.sec.gov/Archives/edgar/data/1350694/000114036116085573/0001140361-16-085573.txt,https://www.sec.gov/Archives/edgar/data/1350694/0001140361-16-085573-index.html,2016-11-09,2016-09-30,,,DE,CT,1231,1350694_13FHR_2016_0001140361-16-085573.txt
1364742,BlackRock Inc.,13F-HR,2016-11-08,https://www.sec.gov/Archives/edgar/data/1364742/000108636416002326/0001086364-16-002326.txt,https://www.sec.gov/Archives/edgar/data/1364742/0001086364-16-002326-index.html,2016-11-08,2016-09-30,6211,,DE,NY,1231,1364742_13FHR_2016_0001086364-16-002326.txt
1649339,"Scion Asset Management, LLC",13F-HR,2016-11-14,https://www.sec.gov/Archives/edgar/data/1649339/000114036116086026/0001140361-16-086026.txt,https://www.sec.gov/Archives/edgar/data/1649339/0001140361-16-086026-index.html,2016-11-14,2016-09-30,,,DE,CA,1231,1649339_13FHR_2016_0001140361-16-086026.txt
19617,JPMORGAN CHASE & CO,13F-HR,2016-11-04,https://www.sec.gov/Archives/edgar/data/19617/000001961716001154/0000019617-16-001154.txt,https://www.sec.gov/Archives/edgar/data/19617/0000019617-16-001154-index.html,2016-11-04,2016-09-30,6021,,DE,NY,1231,19617_13FHR_2016_0000019617-16-001154.txt
886982,GOLDMAN SACHS GROUP INC,13F-HR,2016-11-14,https://www.sec.gov/Archives/edgar/data/886982/000076999316001820/0000769993-16-001820.txt,https://www.sec.gov/Archives/edgar/data/886982/0000769993-16-001820-index.html,2016-11-14,2016-09-30,6211,,DE,NY,1231,886982_13FHR_2016_0000769993-16-001820.txt
102909,VANGUARD GROUP INC,13F-HR,2017-02-14,https://www.sec.gov/Archives/edgar/data/102909/000095012317002379/0000950123-17-002379.txt,https://www.sec.gov/Archives/edgar/data/102909/0000950123-17-002379-index.html,2017-02-14,2016-12-31,,,PA,PA,1231,102909_13FHR_2016_0000950123-17-002379.txt
1029160,SOROS FUND MANAGEMENT LLC,13F-HR,2017-02-14,https://www.sec.gov/Archives/edgar/data/1029160/000114036117007246/0001140361-17-007246.txt,https://www.sec.gov/Archives/edgar/data/1029160/0001140361-17-007246-index.html,2017-02-14,2016-12-31,,,DE,NY,1231,1029160_13FHR_2016_0001140361-17-007246.txt
1350694,"Bridgewater Associates, LP",13F-HR,2017-02-10,https://www.sec.gov/Archives/edgar/data/1350694/000114036117005803/0001140361-17-005803.txt,https://www.sec.gov/Archives/edgar/data/1350694/0001140361-17-005803-index.html,2017-02-10,2016-12-31,,,DE,CT,1231,1350694_13FHR_2016_0001140361-17-005803.txt
1364742,BlackRock Inc.,13F-HR,2017-02-10,https://www.sec.gov/Archives/edgar/data/1364742/000108636417000005/0001086364-17-000005.txt,https://www.sec.gov/Archives/edgar/data/1364742/0001086364-17-000005-index.html,2017-02-10,2016-12-31,6211,,DE,NY,1231,1364742_13FHR_2016_0001086364-17-000005.txt
19617,JPMORGAN CHASE & CO,13F-HR,2017-02-06,https://www.sec.gov/Archives/edgar/data/19617/000001961717000305/0000019617-17-000305.txt,https://www.sec.gov/Archives/edgar/data/19617/0000019617-17-000305-index.html,2017-02-06,2016-12-31,6021,,DE,NY,1231,19617_13FHR_2016_0000019617-17-000305.txt
886982,GOLDMAN SACHS GROUP INC,13F-HR,2017-02-14,https://www.sec.gov/Archives/edgar/data/886982/000076999317000381/0000769993-17-000381.txt,https://www.sec.gov/Archives/edgar/data/886982/0000769993-17-000381-index.html,2017-02-14,2016-12-31,6211,,DE,NY,1231,886982_13FHR_2016_0000769993-17-000381.txt
102909,VANGUARD GROUP INC,13F-HR,2017-05-12,https://www.sec.gov/Archives/edgar/data/102909/000095012317004736/0000950123-17-004736.txt,https://www.sec.gov/Archives/edgar/data/102909/0000950123-17-004736-index.html,2017-05-12,2017-03-31,,,PA,PA,1231,102909_13FHR_2017_0000950123-17-004736.txt
1029160,SOROS FUND MANAGEMENT LLC,13F-HR,2017-05-15,https://www.sec.gov/Archives/edgar/data/1029160/000114036117020681/0001140361-17-020681.txt,https://www.sec.gov/Archives/edgar/data/1029160/0001140361-17-020681-index.html,2017-05-15,2017-03-31,,,DE,NY,1231,1029160_13FHR_2017_0001140361-17-020681.txt
1350694,"Bridgewater Associates, LP",13F-HR,2017-05-11,https://www.sec.gov/Archives/edgar/data/1350694/000114036117019802/0001140361-17-019802.txt,https://www.sec.gov/Archives/edgar/data/1350694/0001140361-17-019802-index.html,2017-05-11,2017-03-31,,,DE,CT,1231,1350694_13FHR_2017_0001140361-17-019802.txt
1364742,BlackRock Inc.,13F-HR,2017-05-12,https://www.sec.gov/Archives/edgar/data/1364742/000108636417000069/0001086364-17-000069.txt,https://www.sec.gov/Archives/edgar/data/1364742/0001086364-17-000069-index.html,2017-05-12,2017-03-31,6211,,DE,NY,1231,1364742_13FHR_2017_0001086364-17-000069.txt
19617,JPMORGAN CHASE & CO,13F-HR,2017-05-10,https://www.sec.gov/Archives/edgar/data/19617/000001961717000376/0000019617-17-000376.txt,https://www.sec.gov/Archives/edgar/data/19617/0000019617-17-000376-index.html,2017-05-10,2017-03-31,6021,,DE,NY,1231,19617_13FHR_2017_0000019617-17-000376.txt
886982,GOLDMAN SACHS GROUP INC,13F-HR,2017-05-15,https://www.sec.gov/Archives/edgar/data/886982/000076999317000520/0000769993-17-000520.txt,https://www.sec.gov/Archives/edgar/data/886982/0000769993-17-000520-index.html,2017-05-15,2017-03-31,6211,,DE,NY,1231,886982_13FHR_2017_0000769993-17-000520.txt
102909,VANGUARD GROUP INC,13F-HR,2017-08-11,https://www.sec.gov/Archives/edgar/data/102909/000095012317007433/0000950123-17-007433.txt,https://www.sec.gov/Archives/edgar/data/102909/0000950123-17-007433-index.html,2017-08-11,2017-06-30,,,PA,PA,1231,102909_13FHR_2017_0000950123-17-007433.txt
1029160,SOROS FUND MANAGEMENT LLC,13F-HR,2017-08-14,https://www.sec.gov/Archives/edgar/data/1029160/000114036117031995/0001140361-17-031995.txt,https://www.sec.gov/Archives/edgar/data/1029160/0001140361-17-031995-index.html,2017-08-14,2017-06-30,,,DE,NY,1231,1029160_13FHR_2017_0001140361-17-031995.txt
1350694,"Bridgewater Associates, LP",13F-HR,2017-08-10,https://www.sec.gov/Archives/edgar/data/1350694/000114036117031111/0001140361-17-031111.txt,https://www.sec.gov/Archives/edgar/data/1350694/0001140361-17-031111-index.html,2017-08-10,2017-06-30,,,DE,CT,1231,1350694_13FHR_2017_0001140361-17-031111.txt
1364742,BlackRock Inc.,13F-HR,2017-08-10,https://www.sec.gov/Archives/edgar/data/1364742/000108636417000071/0001086364-17-000071.txt,https://www.sec.gov/Archives/edgar/data/1364742/0001086364-17-000071-index.html,2017-08-10,2017-06-30,6211,,DE,NY,1231,1364742_13FHR_2017_0001086364-17-000071.txt
19617,JPMORGAN CHASE & CO,13F-HR,2017-08-09,https://www.sec.gov/Archives/edgar/data/19617/000001961717000496/0000019617-17-000496.txt,https://www.sec.gov/Archives/edgar/data/19617/0000019617-17-000496-index.html,2017-08-09,2017-06-30,6021,,DE,NY,1231,19617_13FHR_2017_0000019617-17-000496.txt
886982,GOLDMAN SACHS GROUP INC,13F-HR,2017-08-14,https://www.sec.gov/Archives/edgar/data/886982/000076999317000626/0000769993-17-000626.txt,https://www.sec.gov/Archives/edgar/data/886982/0000769993-17-000626-index.html,2017-08-14,2017-06-30,6211,,DE,NY,1231,886982_13FHR_2017_0000769993-17-000626.txt
102909,VANGUARD GROUP INC,13F-HR,2017-11-14,https://www.sec.gov/Archives/edgar/data/102909/000095012317010861/0000950123-17-010861.txt,https://www.sec.gov/Archives/edgar/data/102909/0000950123-17-010861-index.html,2017-11-14,2017-09-30,,,PA,PA,1231,102909_13FHR_2017_0000950123-17-010861.txt
1029160,SOROS FUND MANAGEMENT LLC,13F-HR,2017-11-14,https://www.sec.gov/Archives/edgar/data/1029160/000114036117042749/0001140361-17-042749.txt,https://www.sec.gov/Archives/edgar/data/1029160/0001140361-17-042749-index.html,2017-11-14,2017-09-30,,,DE,NY,1231,1029160_13FHR_2017_0001140361-17-042749.txt
1350694,"Bridgewater Associates, LP",13F-HR,2017-11-13,https://www.sec.gov/Archives/edgar/data/1350694/000114036117041998/0001140361-17-041998.txt,https://www.sec.gov/Archives/edgar/data/1350694/0001140361-17-041998-index.html,2017-11-13,2017-09-30,,,DE,CT,1231,1350694_13FHR_2017_0001140361-17-041998.txt
1364742,BlackRock Inc.,13F-HR,2017-11-14,https://www.sec.gov/Archives/edgar/data/1364742/000108636417000128/0001086364-17-000128.txt,https://www.sec.gov/Archives/edgar/data/1364742/0001086364-17-000128-index.html,2017-11-14,2017-09-30,6211,,DE,NY,1231,1364742_13FHR_2017_0001086364-17-000128.txt
19617,JPMORGAN CHASE & CO,13F-HR,2017-11-09,https://www.sec.gov/Archives/edgar/data/19617/000001961717000554/0000019617-17-000554.txt,https://www.sec.gov/Archives/edgar/data/19617/0000019617-17-000554-index.html,2017-11-09,2017-09-30,6021,,DE,NY,1231,19617_13FHR_2017_0000019617-17-000554.txt
886982,GOLDMAN SACHS GROUP INC,13F-HR,2017-11-14,https://www.sec.gov/Archives/edgar/data/886982/000076999317000722/0000769993-17-000722.txt,https://www.sec.gov/Archives/edgar/data/886982/0000769993-17-000722-index.html,2017-11-14,2017-09-30,6211,,DE,NY,1231,886982_13FHR_2017_0000769993-17-000722.txt
102909,VANGUARD GROUP INC,13F-HR,2018-02-14,https://www.sec.gov/Archives/edgar/data/102909/000095012318002112/0000950123-18-002112.txt,https://www.sec.gov/Archives/edgar/data/102909/0000950123-18-002112-index.html,2018-02-14,2017-12-31,,,PA,PA,1231,102909_13FHR_2017_0000950123-18-002112.txt
1029160,SOROS FUND MANAGEMENT LLC,13F-HR,2018-02-14,https://www.sec.gov/Archives/edgar/data/1029160/000114036118008153/0001140361-18-008153.txt,https://www.sec.gov/Archives/edgar/data/1029160/0001140361-18-008153-index.html,2018-02-14,2017-12-31,,,DE,NY,1231,1029160_13FHR_2017_0001140361-18-008153.txt
1350694,"Bridgewater Associates, LP",13F-HR,2018-02-13,https://www.sec.gov/Archives/edgar/data/1350694/000114036118007141/0001140361-18-007141.txt,https://www.sec.gov/Archives/edgar/data/1350694/0001140361-18-007141-index.html,2018-02-13,2017-12-31,,,DE,CT,1231,1350694_13FHR_2017_0001140361-18-007141.txt
1364742,BlackRock Inc.,13F-HR,2018-02-09,https://www.sec.gov/Archives/edgar/data/1364742/000108636418000003/0001086364-18-000003.txt,https://www.sec.gov/Archives/edgar/data/1364742/0001086364-18-000003-index.html,2018-02-09,2017-12-31,6211,,DE,NY,1231,1364742_13FHR_2017_0001086364-18-000003.txt
19617,JPMORGAN CHASE & CO,13F-HR,2018-02-13,https://www.sec.gov/Archives/edgar/data/19617/000001961718000013/0000019617-18-000013.txt,https://www.sec.gov/Archives/edgar/data/19617/0000019617-18-000013-index.html,2018-02-13,2017-12-31,6021,,DE,NY,1231,19617_13FHR_2017_0000019617-18-000013.txt
886982,GOLDMAN SACHS GROUP INC,13F-HR,2018-02-14,https://www.sec.gov/Archives/edgar/data/886982/000076999318000278/0000769993-18-000278.txt,https://www.sec.gov/Archives/edgar/data/886982/0000769993-18-000278-index.html,2018-02-14,2017-12-31,6211,,DE,NY,1231,886982_13FHR_2017_0000769993-18-000278.txt
102909,VANGUARD GROUP INC,13F-HR,2018-05-15,https://www.sec.gov/Archives/edgar/data/102909/000095012318005610/0000950123-18-005610.txt,https://www.sec.gov/Archives/edgar/data/102909/0000950123-18-005610-index.html,2018-05-15,2018-03-31,,,PA,PA,1231,102909_13FHR_2018_0000950123-18-005610.txt
1029160,SOROS FUND MANAGEMENT LLC,13F-HR,2018-05-15,https://www.sec.gov/Archives/edgar/data/1029160/000114036118023894/0001140361-18-023894.txt,https://www.sec.gov/Archives/edgar/data/1029160/0001140361-18-023894-index.html,2018-05-15,2018-03-31,,,DE,NY,1231,1029160_13FHR_2018_0001140361-18-023894.txt
1350694,"Bridgewater Associates, LP",13F-HR,2018-05-15,https://www.sec.gov/Archives/edgar/data/1350694/000114036118023865/0001140361-18-023865.txt,https://www.sec.gov/Archives/edgar/data/1350694/0001140361-18-023865-index.html,2018-05-15,2018-03-31,,,DE,CT,1231,1350694_13FHR_2018_0001140361-18-023865.txt
1364742,BlackRock Inc.,13F-HR,2018-05-09,https://www.sec.gov/Archives/edgar/data/1364742/000108636418000035/0001086364-18-000035.txt,https://www.sec.gov/Archives/edgar/data/1364742/0001086364-18-000035-index.html,2018-05-09,2018-03-31,6211,,DE,NY,1231,1364742_13FHR_2018_0001086364-18-000035.txt
19617,JPMORGAN CHASE & CO,13F-HR,2018-05-10,https://www.sec.gov/Archives/edgar/data/19617/000001961718000094/0000019617-18-000094.txt,https://www.sec.gov/Archives/edgar/data/19617/0000019617-18-000094-index.html,2018-05-10,2018-03-31,6021,,DE,NY,1231,19617_13FHR_2018_0000019617-18-000094.txt
886982,GOLDMAN SACHS GROUP INC,13F-HR,2018-05-15,https://www.sec.gov/Archives/edgar/data/886982/000076999318000345/0000769993-18-000345.txt,https://www.sec.gov/Archives/edgar/data/886982/0000769993-18-000345-index.html,2018-05-15,2018-03-31,6211,,DE,NY,1231,886982_13FHR_2018_0000769993-18-000345.txt
102909,VANGUARD GROUP INC,13F-HR,2018-08-14,https://www.sec.gov/Archives/edgar/data/102909/000095012318008557/0000950123-18-008557.txt,https://www.sec.gov/Archives/edgar/data/102909/0000950123-18-008557-index.html,2018-08-14,2018-06-30,,,PA,PA,1231,102909_13FHR_2018_0000950123-18-008557.txt
1029160,SOROS FUND MANAGEMENT LLC,13F-HR,2018-08-14,https://www.sec.gov/Archives/edgar/data/1029160/000156761918001005/0001567619-18-001005.txt,https://www.sec.gov/Archives/edgar/data/1029160/0001567619-18-001005-index.html,2018-08-14,2018-06-30,,,DE,NY,1231,1029160_13FHR_2018_0001567619-18-001005.txt
1350694,"Bridgewater Associates, LP",13F-HR,2018-08-13,https://www.sec.gov/Archives/edgar/data/1350694/000156761918000648/0001567619-18-000648.txt,https://www.sec.gov/Archives/edgar/data/1350694/0001567619-18-000648-index.html,2018-08-13,2018-06-30,,,DE,CT,1231,1350694_13FHR_2018_0001567619-18-000648.txt
1364742,BlackRock Inc.,13F-HR,2018-08-09,https://www.sec.gov/Archives/edgar/data/1364742/000108636418000066/0001086364-18-000066.txt,https://www.sec.gov/Archives/edgar/data/1364742/0001086364-18-000066-index.html,2018-08-09,2018-06-30,6211,,DE,NY,1231,1364742_13FHR_2018_0001086364-18-000066.txt
19617,JPMORGAN CHASE & CO,13F-HR,2018-08-14,https://www.sec.gov/Archives/edgar/data/19617/000001961718000153/0000019617-18-000153.txt,https://www.sec.gov/Archives/edgar/data/19617/0000019617-18-000153-index.html,2018-08-14,2018-06-30,6021,,DE,NY,1231,19617_13FHR_2018_0000019617-18-000153.txt
886982,GOLDMAN SACHS GROUP INC,13F-HR,2018-08-14,https://www.sec.gov/Archives/edgar/data/886982/000076999318000450/0000769993-18-000450.txt,https://www.sec.gov/Archives/edgar/data/886982/0000769993-18-000450-index.html,2018-08-14,2018-06-30,6211,,DE,NY,1231,886982_13FHR_2018_0000769993-18-000450.txt
102909,VANGUARD GROUP INC,13F-HR,2018-11-14,https://www.sec.gov/Archives/edgar/data/102909/000095012318011769/0000950123-18-011769.txt,https://www.sec.gov/Archives/edgar/data/102909/0000950123-18-011769-index.html,2018-11-14,2018-09-30,,,PA,PA,1231,102909_13FHR_2018_0000950123-18-011769.txt
1029160,SOROS FUND MANAGEMENT LLC,13F-HR,2018-11-14,https://www.sec.gov/Archives/edgar/data/1029160/000156761918006245/0001567619-18-006245.txt,https://www.sec.gov/Archives/edgar/data/1029160/0001567619-18-006245-index.html,2018-11-14,2018-09-30,,,DE,NY,1231,1029160_13FHR_2018_0001567619-18-006245.txt
1350694,"Bridgewater Associates, LP",13F-HR,2018-11-13,https://www.sec.gov/Archives/edgar/data/1350694/000156761918005788/0001567619-18-005788.txt,https://www.sec.gov/Archives/edgar/data/1350694/0001567619-18-005788-index.html,2018-11-13,2018-09-30,,,DE,CT,1231,1350694_13FHR_2018_0001567619-18-005788.txt
1364742,BlackRock Inc.,13F-HR,2018-11-09,https://www.sec.gov/Archives/edgar/data/1364742/000108636418000095/0001086364-18-000095.txt,https://www.sec.gov/Archives/edgar/data/1364742/0001086364-18-000095-index.html,2018-11-09,2018-09-30,6211,,DE,NY,1231,1364742_13FHR_2018_0001086364-18-000095.txt
19617,JPMORGAN CHASE & CO,13F-HR,2018-11-07,https://www.sec.gov/Archives/edgar/data/19617/000001961718000208/0000019617-18-000208.txt,https://www.sec.gov/Archives/edgar/data/19617/0000019617-18-000208-index.html,2018-11-07,2018-09-30,6021,,DE,NY,1231,19617_13FHR_2018_0000019617-18-000208.txt
886982,GOLDMAN SACHS GROUP INC,13F-HR,2018-11-14,https://www.sec.gov/Archives/edgar/data/886982/000076999318000556/0000769993-18-000556.txt,https://www.sec.gov/Archives/edgar/data/886982/0000769993-18-000556-index.html,2018-11-14,2018-09-30,6211,,DE,NY,1231,886982_13FHR_2018_0000769993-18-000556.txt
102909,VANGUARD GROUP INC,13F-HR,2019-02-14,https://www.sec.gov/Archives/edgar/data/102909/000095012319001986/0000950123-19-001986.txt,https://www.sec.gov/Archives/edgar/data/102909/0000950123-19-001986-index.html,2019-02-14,2018-12-31,,,PA,PA,1231,102909_13FHR_2018_0000950123-19-001986.txt
1029160,SOROS FUND MANAGEMENT LLC,13F-HR,2019-02-14,https://www.sec.gov/Archives/edgar/data/1029160/000156761919004349/0001567619-19-004349.txt,https://www.sec.gov/Archives/edgar/data/1029160/0001567619-19-004349-index.html,2019-02-14,2018-12-31,,,DE,NY,1231,1029160_13FHR_2018_0001567619-19-004349.txt
1350694,"Bridgewater Associates, LP",13F-HR,2019-02-13,https://www.sec.gov/Archives/edgar/data/1350694/000156761919003499/0001567619-19-003499.txt,https://www.sec.gov/Archives/edgar/data/1350694/0001567619-19-003499-index.html,2019-02-13,2018-12-31,,,DE,CT,1231,1350694_13FHR_2018_0001567619-19-003499.txt
1364742,BlackRock Inc.,13F-HR,2019-02-08,https://www.sec.gov/Archives/edgar/data/1364742/000108636419000003/0001086364-19-000003.txt,https://www.sec.gov/Archives/edgar/data/1364742/0001086364-19-000003-index.html,2019-02-08,2018-12-31,6211,,DE,NY,1231,1364742_13FHR_2018_0001086364-19-000003.txt
1649339,"Scion Asset Management, LLC",13F-HR,2019-02-14,https://www.sec.gov/Archives/edgar/data/1649339/000156761919004198/0001567619-19-004198.txt,https://www.sec.gov/Archives/edgar/data/1649339/0001567619-19-004198-index.html,2019-02-14,2018-12-31,,,DE,CA,1231,1649339_13FHR_2018_0001567619-19-004198.txt
19617,JPMORGAN CHASE & CO,13F-HR,2019-02-11,https://www.sec.gov/Archives/edgar/data/19617/000001961719000014/0000019617-19-000014.txt,https://www.sec.gov/Archives/edgar/data/19617/0000019617-19-000014-index.html,2019-02-11,2018-12-31,6021,,DE,NY,1231,19617_13FHR_2018_0000019617-19-000014.txt
886982,GOLDMAN SACHS GROUP INC,13F-HR,2019-02-14,https://www.sec.gov/Archives/edgar/data/886982/000076999319000207/0000769993-19-000207.txt,https://www.sec.gov/Archives/edgar/data/886982/0000769993-19-000207-index.html,2019-02-14,2018-12-31,6211,,DE,NY,1231,886982_13FHR_2018_0000769993-19-000207.txt
102909,VANGUARD GROUP INC,13F-HR,2019-05-15,https://www.sec.gov/Archives/edgar/data/102909/000114420419026247/0001144204-19-026247.txt,https://www.sec.gov/Archives/edgar/data/102909/0001144204-19-026247-index.html,2019-05-15,2019-03-31,,,PA,PA,1231,102909_13FHR_2019_0001144204-19-026247.txt
1029160,SOROS FUND MANAGEMENT LLC,13F-HR,2019-05-15,https://www.sec.gov/Archives/edgar/data/1029160/000156761919011174/0001567619-19-011174.txt,https://www.sec.gov/Archives/edgar/data/1029160/0001567619-19-011174-index.html,2019-05-15,2019-03-31,,,DE,NY,1231,1029160_13FHR_2019_0001567619-19-011174.txt
1350694,"Bridgewater Associates, LP",13F-HR,2019-05-14,https://www.sec.gov/Archives/edgar/data/1350694/000156761919010822/0001567619-19-010822.txt,https://www.sec.gov/Archives/edgar/data/1350694/0001567619-19-010822-index.html,2019-05-14,2019-03-31,,,DE,CT,1231,1350694_13FHR_2019_0001567619-19-010822.txt
1364742,BlackRock Inc.,13F-HR,2019-05-09,https://www.sec.gov/Archives/edgar/data/1364742/000108636419000034/0001086364-19-000034.txt,https://www.sec.gov/Archives/edgar/data/1364742/0001086364-19-000034-index.html,2019-05-09,2019-03-31,6211,,DE,NY,1231,1364742_13FHR_2019_0001086364-19-000034.txt
1649339,"Scion Asset Management, LLC",13F-HR,2019-05-15,https://www.sec.gov/Archives/edgar/data/1649339/000156761919010955/0001567619-19-010955.txt,https://www.sec.gov/Archives/edgar/data/1649339/0001567619-19-010955-index.html,2019-05-15,2019-03-31,,,DE,CA,1231,1649339_13FHR_2019_0001567619-19-010955.txt
19617,JPMORGAN CHASE & CO,13F-HR,2019-05-07,https://www.sec.gov/Archives/edgar/data/19617/000001961719000069/0000019617-19-000069.txt,https://www.sec.gov/Archives/edgar/data/19617/0000019617-19-000069-index.html,2019-05-07,2019-03-31,6021,,DE,NY,1231,19617_13FHR_2019_0000019617-19-000069.txt
886982,GOLDMAN SACHS GROUP INC,13F-HR,2019-05-15,https://www.sec.gov/Archives/edgar/data/886982/000076999319000312/0000769993-19-000312.txt,https://www.sec.gov/Archives/edgar/data/886982/0000769993-19-000312-index.html,2019-05-15,2019-03-31,6211,,DE,NY,1231,886982_13FHR_2019_0000769993-19-000312.txt
102909,VANGUARD GROUP INC,13F-HR,2019-08-14,https://www.sec.gov/Archives/edgar/data/102909/000114420419039761/0001144204-19-039761.txt,https://www.sec.gov/Archives/edgar/data/102909/0001144204-19-039761-index.html,2019-08-14,2019-06-30,,,PA,PA,1231,102909_13FHR_2019_0001144204-19-039761.txt
1029160,SOROS FUND MANAGEMENT LLC,13F-HR,2019-08-14,https://www.sec.gov/Archives/edgar/data/1029160/000156761919016963/0001567619-19-016963.txt,https://www.sec.gov/Archives/edgar/data/1029160/0001567619-19-016963-index.html,2019-08-14,2019-06-30,,,DE,NY,1231,1029160_13FHR_2019_0001567619-19-016963.txt
1350694,"Bridgewater Associates, LP",13F-HR,2019-08-13,https://www.sec.gov/Archives/edgar/data/1350694/000156761919016421/0001567619-19-016421.txt,https://www.sec.gov/Archives/edgar/data/1350694/0001567619-19-016421-index.html,2019-08-13,2019-06-30,,,DE,CT,1231,1350694_13FHR_2019_0001567619-19-016421.txt
1364742,BlackRock Inc.,13F-HR,2019-08-13,https://www.sec.gov/Archives/edgar/data/1364742/000108636419000066/0001086364-19-000066.txt,https://www.sec.gov/Archives/edgar/data/1364742/0001086364-19-000066-index.html,2019-08-13,2019-06-30,6211,,DE,NY,1231,1364742_13FHR_2019_0001086364-19-000066.txt
1649339,"Scion Asset Management, LLC",13F-HR,2019-08-14,https://www.sec.gov/Archives/edgar/data/1649339/000156761919016689/0001567619-19-016689.txt,https://www.sec.gov/Archives/edgar/data/1649339/0001567619-19-016689-index.html,2019-08-14,2019-06-30,,,DE,CA,1231,1649339_13FHR_2019_0001567619-19-016689.txt
19617,JPMORGAN CHASE & CO,13F-HR,2019-08-07,https://www.sec.gov/Archives/edgar/data/19617/000001961719000129/0000019617-19-000129.txt,https://www.sec.gov/Archives/edgar/data/19617/0000019617-19-000129-index.html,2019-08-07,2019-06-30,6021,,DE,NY,1231,19617_13FHR_2019_0000019617-19-000129.txt
886982,GOLDMAN SACHS GROUP INC,13F-HR,2019-08-14,https://www.sec.gov/Archives/edgar/data/886982/000076999319000460/0000769993-19-000460.txt,https://www.sec.gov/Archives/edgar/data/886982/0000769993-19-000460-index.html,2019-08-14,2019-06-30,6211,,DE,NY,1231,886982_13FHR_2019_0000769993-19-000460.txt
102909,VANGUARD GROUP INC,13F-HR,2019-11-14,https://www.sec.gov/Archives/edgar/data/102909/000110465919063765/0001104659-19-063765.txt,https://www.sec.gov/Archives/edgar/data/102909/0001104659-19-063765-index.html,2019-11-14,2019-09-30,,,PA,PA,1231,102909_13FHR_2019_0001104659-19-063765.txt
1029160,SOROS FUND MANAGEMENT LLC,13F-HR,2019-11-14,https://www.sec.gov/Archives/edgar/data/1029160/000156761919021542/0001567619-19-021542.txt,https://www.sec.gov/Archives/edgar/data/1029160/0001567619-19-021542-index.html,2019-11-14,2019-09-30,,,DE,NY,1231,1029160_13FHR_2019_0001567619-19-021542.txt
1350694,"Bridgewater Associates, LP",13F-HR,2019-11-13,https://www.sec.gov/Archives/edgar/data/1350694/000156761919021161/0001567619-19-021161.txt,https://www.sec.gov/Archives/edgar/data/1350694/0001567619-19-021161-index.html,2019-11-13,2019-09-30,,,DE,CT,1231,1350694_13FHR_2019_0001567619-19-021161.txt
1364742,BlackRock Inc.,13F-HR,2019-11-08,https://www.sec.gov/Archives/edgar/data/1364742/000108636419000103/0001086364-19-000103.txt,https://www.sec.gov/Archives/edgar/data/1364742/0001086364-19-000103-index.html,2019-11-08,2019-09-30,6211,,DE,NY,1231,1364742_13FHR_2019_0001086364-19-000103.txt
1649339,"Scion Asset Management, LLC",13F-HR,2019-11-14,https://www.sec.gov/Archives/edgar/data/1649339/000156761919021303/0001567619-19-021303.txt,https://www.sec.gov/Archives/edgar/data/1649339/0001567619-19-021303-index.html,2019-11-14,2019-09-30,,,DE,CA,1231,1649339_13FHR_2019_0001567619-19-021303.txt
19617,JPMORGAN CHASE & CO,13F-HR,2019-11-12,https://www.sec.gov/Archives/edgar/data/19617/000001961719000258/0000019617-19-000258.txt,https://www.sec.gov/Archives/edgar/data/19617/0000019617-19-000258-index.html,2019-11-12,2019-09-30,6021,,DE,NY,1231,19617_13FHR_2019_0000019617-19-000258.txt
886982,GOLDMAN SACHS GROUP INC,13F-HR,2019-11-14,https://www.sec.gov/Archives/edgar/data/886982/000076999319000551/0000769993-19-000551.txt,https://www.sec.gov/Archives/edgar/data/886982/0000769993-19-000551-index.html,2019-11-14,2019-09-30,6211,,DE,NY,1231,886982_13FHR_2019_0000769993-19-000551.txt
102909,VANGUARD GROUP INC,13F-HR,2020-02-14,https://www.sec.gov/Archives/edgar/data/102909/000110465920020869/0001104659-20-020869.txt,https://www.sec.gov/Archives/edgar/data/102909/0001104659-20-020869-index.html,2020-02-14,2019-12-31,,,PA,PA,1231,102909_13FHR_2019_0001104659-20-020869.txt
1029160,SOROS FUND MANAGEMENT LLC,13F-HR,2020-02-14,https://www.sec.gov/Archives/edgar/data/1029160/000156761920003954/0001567619-20-003954.txt,https://www.sec.gov/Archives/edgar/data/1029160/0001567619-20-003954-index.html,2020-02-14,2019-12-31,,,DE,NY,1231,1029160_13FHR_2019_0001567619-20-003954.txt
1350694,"Bridgewater Associates, LP",13F-HR,2020-02-13,https://www.sec.gov/Archives/edgar/data/1350694/000156761920003264/0001567619-20-003264.txt,https://www.sec.gov/Archives/edgar/data/1350694/0001567619-20-003264-index.html,2020-02-13,2019-12-31,,,DE,CT,1231,1350694_13FHR_2019_0001567619-20-003264.txt
1364742,BlackRock Inc.,13F-HR,2020-02-13,https://www.sec.gov/Archives/edgar/data/1364742/000108636420000006/0001086364-20-000006.txt,https://www.sec.gov/Archives/edgar/data/1364742/0001086364-20-000006-index.html,2020-02-13,2019-12-31,6211,,DE,NY,1231,1364742_13FHR_2019_0001086364-20-000006.txt
1649339,"Scion Asset Management, LLC",13F-HR,2020-02-14,https://www.sec.gov/Archives/edgar/data/1649339/000156761920003530/0001567619-20-003530.txt,https://www.sec.gov/Archives/edgar/data/1649339/0001567619-20-003530-index.html,2020-02-14,2019-12-31,,,DE,CA,1231,1649339_13FHR_2019_0001567619-20-003530.txt
19617,JPMORGAN CHASE & CO,13F-HR,2020-02-11,https://www.sec.gov/Archives/edgar/data/19617/000001961720000205/0000019617-20-000205.txt,https://www.sec.gov/Archives/edgar/data/19617/0000019617-20-000205-index.html,2020-02-11,2019-12-31,6021,,DE,NY,1231,19617_13FHR_2019_0000019617-20-000205.txt
886982,GOLDMAN SACHS GROUP INC,13F-HR,2020-02-14,https://www.sec.gov/Archives/edgar/data/886982/000076999320000158/0000769993-20-000158.txt,https://www.sec.gov/Archives/edgar/data/886982/0000769993-20-000158-index.html,2020-02-14,2019-12-31,6211,,DE,NY,1231,886982_13FHR_2019_0000769993-20-000158.txt
102909,VANGUARD GROUP INC,13F-HR,2020-05-15,https://www.sec.gov/Archives/edgar/data/102909/000110465920062244/0001104659-20-062244.txt,https://www.sec.gov/Archives/edgar/data/102909/0001104659-20-062244-index.html,2020-05-15,2020-03-31,,,PA,PA,1231,102909_13FHR_2020_0001104659-20-062244.txt
1029160,SOROS FUND MANAGEMENT LLC,13F-HR,2020-05-15,https://www.sec.gov/Archives/edgar/data/1029160/000156761920010474/0001567619-20-010474.txt,https://www.sec.gov/Archives/edgar/data/1029160/0001567619-20-010474-index.html,2020-05-15,2020-03-31,,,DE,NY,1231,1029160_13FHR_2020_0001567619-20-010474.txt
1350694,"Bridgewater Associates, LP",13F-HR,2020-05-14,https://www.sec.gov/Archives/edgar/data/1350694/000156761920010047/0001567619-20-010047.txt,https://www.sec.gov/Archives/edgar/data/1350694/0001567619-20-010047-index.html,2020-05-14,2020-03-31,,,DE,CT,1231,1350694_13FHR_2020_0001567619-20-010047.txt
1364742,BlackRock Inc.,13F-HR,2020-05-01,https://www.sec.gov/Archives/edgar/data/1364742/000108636420000038/0001086364-20-000038.txt,https://www.sec.gov/Archives/edgar/data/1364742/0001086364-20-000038-index.html,2020-05-01,2020-03-31,6211,,DE,NY,1231,1364742_13FHR_2020_0001086364-20-000038.txt
1649339,"Scion Asset Management, LLC",13F-HR,2020-05-15,https://www.sec.gov/Archives/edgar/data/1649339/000156761920010271/0001567619-20-010271.txt,https://www.sec.gov/Archives/edgar/data/1649339/0001567619-20-010271-index.html,2020-05-15,2020-03-31,,,DE,CA,1231,1649339_13FHR_2020_0001567619-20-010271.txt
19617,JPMORGAN CHASE & CO,13F-HR,2020-05-12,https://www.sec.gov/Archives/edgar/data/19617/000001961720000301/0000019617-20-000301.txt,https://www.sec.gov/Archives/edgar/data/19617/0000019617-20-000301-index.html,2020-05-12,2020-03-31,6021,,DE,NY,1231,19617_13FHR_2020_0000019617-20-000301.txt
886982,GOLDMAN SACHS GROUP INC,13F-HR,2020-05-15,https://www.sec.gov/Archives/edgar/data/886982/000076999320000225/0000769993-20-000225.txt,https://www.sec.gov/Archives/edgar/data/886982/0000769993-20-000225-index.html,2020-05-15,2020-03-31,6211,,DE,NY,1231,886982_13FHR_2020_0000769993-20-000225.txt
102909,VANGUARD GROUP INC,13F-HR,2020-08-14,https://www.sec.gov/Archives/edgar/data/102909/000110465920095098/0001104659-20-095098.txt,https://www.sec.gov/Archives/edgar/data/102909/0001104659-20-095098-index.html,2020-08-14,2020-06-30,,,PA,PA,1231,102909_13FHR_2020_0001104659-20-095098.txt
1029160,SOROS FUND MANAGEMENT LLC,13F-HR,2020-08-14,https://www.sec.gov/Archives/edgar/data/1029160/000090266420003072/0000902664-20-003072.txt,https://www.sec.gov/Archives/edgar/data/1029160/0000902664-20-003072-index.html,2020-08-14,2020-06-30,,,DE,NY,1231,1029160_13FHR_2020_0000902664-20-003072.txt
1350694,"Bridgewater Associates, LP",13F-HR,2020-08-12,https://www.sec.gov/Archives/edgar/data/1350694/000156761920014895/0001567619-20-014895.txt,https://www.sec.gov/Archives/edgar/data/1350694/0001567619-20-014895-index.html,2020-08-12,2020-06-30,,,DE,CT,1231,1350694_13FHR_2020_0001567619-20-014895.txt
1364742,BlackRock Inc.,13F-HR,2020-08-14,https://www.sec.gov/Archives/edgar/data/1364742/000108636420000070/0001086364-20-000070.txt,https://www.sec.gov/Archives/edgar/data/1364742/0001086364-20-000070-index.html,2020-08-14,2020-06-30,6211,,DE,NY,1231,1364742_13FHR_2020_0001086364-20-000070.txt
1649339,"Scion Asset Management, LLC",13F-HR,2020-08-14,https://www.sec.gov/Archives/edgar/data/1649339/000156761920015233/0001567619-20-015233.txt,https://www.sec.gov/Archives/edgar/data/1649339/0001567619-20-015233-index.html,2020-08-14,2020-06-30,,,DE,CA,1231,1649339_13FHR_2020_0001567619-20-015233.txt
19617,JPMORGAN CHASE & CO,13F-HR,2020-08-11,https://www.sec.gov/Archives/edgar/data/19617/000001961720000375/0000019617-20-000375.txt,https://www.sec.gov/Archives/edgar/data/19617/0000019617-20-000375-index.html,2020-08-11,2020-06-30,6021,,DE,NY,1231,19617_13FHR_2020_0000019617-20-000375.txt
886982,GOLDMAN SACHS GROUP INC,13F-HR,2020-08-12,https://www.sec.gov/Archives/edgar/data/886982/000076999320000310/0000769993-20-000310.txt,https://www.sec.gov/Archives/edgar/data/886982/0000769993-20-000310-index.html,2020-08-12,2020-06-30,6211,,DE,NY,1231,886982_13FHR_2020_0000769993-20-000310.txt
102909,VANGUARD GROUP INC,13F-HR,2020-11-16,https://www.sec.gov/Archives/edgar/data/102909/000110465920125446/0001104659-20-125446.txt,https://www.sec.gov/Archives/edgar/data/102909/0001104659-20-125446-index.html,2020-11-16,2020-09-30,,,PA,PA,1231,102909_13FHR_2020_0001104659-20-125446.txt
1029160,SOROS FUND MANAGEMENT LLC,13F-HR,2020-11-13,https://www.sec.gov/Archives/edgar/data/1029160/000090266420003949/0000902664-20-003949.txt,https://www.sec.gov/Archives/edgar/data/1029160/0000902664-20-003949-index.html,2020-11-13,2020-09-30,,,DE,NY,1231,1029160_13FHR_2020_0000902664-20-003949.txt
1350694,"Bridgewater Associates, LP",13F-HR,2020-11-13,https://www.sec.gov/Archives/edgar/data/1350694/000156761920019382/0001567619-20-019382.txt,https://www.sec.gov/Archives/edgar/data/1350694/0001567619-20-019382-index.html,2020-11-13,2020-09-30,,,DE,CT,1231,1350694_13FHR_2020_0001567619-20-019382.txt
1364742,BlackRock Inc.,13F-HR,2020-11-06,https://www.sec.gov/Archives/edgar/data/1364742/000142645920000005/0001426459-20-000005.txt,https://www.sec.gov/Archives/edgar/data/1364742/0001426459-20-000005-index.html,2020-11-06,2020-09-30,6211,,DE,NY,1231,1364742_13FHR_2020_0001426459-20-000005.txt
1649339,"Scion Asset Management, LLC",13F-HR,2020-11-16,https://www.sec.gov/Archives/edgar/data/1649339/000156761920019679/0001567619-20-019679.txt,https://www.sec.gov/Archives/edgar/data/1649339/0001567619-20-019679-index.html,2020-11-16,2020-09-30,,,DE,CA,1231,1649339_13FHR_2020_0001567619-20-019679.txt
19617,JPMORGAN CHASE & CO,13F-HR,2020-11-12,https://www.sec.gov/Archives/edgar/data/19617/000001961720000473/0000019617-20-000473.txt,https://www.sec.gov/Archives/edgar/data/19617/0000019617-20-000473-index.html,2020-11-12,2020-09-30,6021,,DE,NY,1231,19617_13FHR_2020_0000019617-20-000473.txt
886982,GOLDMAN SACHS GROUP INC,13F-HR,2020-11-13,https://www.sec.gov/Archives/edgar/data/886982/000076999320000365/0000769993-20-000365.txt,https://www.sec.gov/Archives/edgar/data/886982/0000769993-20-000365-index.html,2020-11-13,2020-09-30,6211,,DE,NY,1231,886982_13FHR_2020_0000769993-20-000365.txt
102909,VANGUARD GROUP INC,13F-HR,2021-02-12,https://www.sec.gov/Archives/edgar/data/102909/000110465921021334/0001104659-21-021334.txt,https://www.sec.gov/Archives/edgar/data/102909/0001104659-21-021334-index.html,2021-02-12,2020-12-31,,,PA,PA,1231,102909_13FHR_2020_0001104659-21-021334.txt
1029160,SOROS FUND MANAGEMENT LLC,13F-HR,2021-02-16,https://www.sec.gov/Archives/edgar/data/1029160/000090266421001434/0000902664-21-001434.txt,https://www.sec.gov/Archives/edgar/data/1029160/0000902664-21-001434-index.html,2021-02-16,2020-12-31,,,DE,NY,1231,1029160_13FHR_2020_0000902664-21-001434.txt
1350694,"Bridgewater Associates, LP",13F-HR,2021-02-12,https://www.sec.gov/Archives/edgar/data/1350694/000156761921003290/0001567619-21-003290.txt,https://www.sec.gov/Archives/edgar/data/1350694/0001567619-21-003290-index.html,2021-02-12,2020-12-31,,,DE,CT,1231,1350694_13FHR_2020_0001567619-21-003290.txt
1364742,BlackRock Inc.,13F-HR,2021-02-05,https://www.sec.gov/Archives/edgar/data/1364742/000108636421000004/0001086364-21-000004.txt,https://www.sec.gov/Archives/edgar/data/1364742/0001086364-21-000004-index.html,2021-02-05,2020-12-31,6211,,DE,NY,1231,1364742_13FHR_2020_0001086364-21-000004.txt
1649339,"Scion Asset Management, LLC",13F-HR,2021-02-16,https://www.sec.gov/Archives/edgar/data/1649339/000156761921003819/0001567619-21-003819.txt,https://www.sec.gov/Archives/edgar/data/1649339/0001567619-21-003819-index.html,2021-02-16,2020-12-31,,,DE,CA,1231,1649339_13FHR_2020_0001567619-21-003819.txt
19617,JPMORGAN CHASE & CO,13F-HR,2021-02-11,https://www.sec.gov/Archives/edgar/data/19617/000001961721000192/0000019617-21-000192.txt,https://www.sec.gov/Archives/edgar/data/19617/0000019617-21-000192-index.html,2021-02-11,2020-12-31,6021,,DE,NY,1231,19617_13FHR_2020_0000019617-21-000192.txt
886982,GOLDMAN SACHS GROUP INC,13F-HR,2021-02-12,https://www.sec.gov/Archives/edgar/data/886982/000076999321000117/0000769993-21-000117.txt,https://www.sec.gov/Archives/edgar/data/886982/0000769993-21-000117-index.html,2021-02-12,2020-12-31,6211,,DE,NY,1231,886982_13FHR_2020_0000769993-21-000117.txt
102909,VANGUARD GROUP INC,13F-HR,2021-05-14,https://www.sec.gov/Archives/edgar/data/102909/000110465921066511/0001104659-21-066511.txt,https://www.sec.gov/Archives/edgar/data/102909/0001104659-21-066511-index.html,2021-05-14,2021-03-31,,,PA,PA,1231,102909_13FHR_2021_0001104659-21-066511.txt
1029160,SOROS FUND MANAGEMENT LLC,13F-HR,2021-05-14,https://www.sec.gov/Archives/edgar/data/1029160/000090266421002758/0000902664-21-002758.txt,https://www.sec.gov/Archives/edgar/data/1029160/0000902664-21-002758-index.html,2021-05-14,2021-03-31,,,DE,NY,1231,1029160_13FHR_2021_0000902664-21-002758.txt
1350694,"Bridgewater Associates, LP",13F-HR,2021-05-14,https://www.sec.gov/Archives/edgar/data/1350694/000117266121001153/0001172661-21-001153.txt,https://www.sec.gov/Archives/edgar/data/1350694/0001172661-21-001153-index.html,2021-05-14,2021-03-31,,,DE,CT,1231,1350694_13FHR_2021_0001172661-21-001153.txt
1364742,BlackRock Inc.,13F-HR,2021-05-07,https://www.sec.gov/Archives/edgar/data/1364742/000108636421000038/0001086364-21-000038.txt,https://www.sec.gov/Archives/edgar/data/1364742/0001086364-21-000038-index.html,2021-05-07,2021-03-31,6211,,DE,NY,1231,1364742_13FHR_2021_0001086364-21-000038.txt
1649339,"Scion Asset Management, LLC",13F-HR,2021-05-17,https://www.sec.gov/Archives/edgar/data/1649339/000156761921010281/0001567619-21-010281.txt,https://www.sec.gov/Archives/edgar/data/1649339/0001567619-21-010281-index.html,2021-05-17,2021-03-31,,,DE,CA,1231,1649339_13FHR_2021_0001567619-21-010281.txt
19617,JPMORGAN CHASE & CO,13F-HR,2021-05-12,https://www.sec.gov/Archives/edgar/data/19617/000001961721000302/0000019617-21-000302.txt,https://www.sec.gov/Archives/edgar/data/19617/0000019617-21-000302-index.html,2021-05-12,2021-03-31,6021,,DE,NY,1231,19617_13FHR_2021_0000019617-21-000302.txt
886982,GOLDMAN SACHS GROUP INC,13F-HR,2021-05-17,https://www.sec.gov/Archives/edgar/data/886982/000076999321000218/0000769993-21-000218.txt,https://www.sec.gov/Archives/edgar/data/886982/0000769993-21-000218-index.html,2021-05-17,2021-03-31,6211,,DE,NY,1231,886982_13FHR_2021_0000769993-21-000218.txt
102909,VANGUARD GROUP INC,13F-HR,2021-08-13,https://www.sec.gov/Archives/edgar/data/102909/000110465921104704/0001104659-21-104704.txt,https://www.sec.gov/Archives/edgar/data/102909/0001104659-21-104704-index.html,2021-08-13,2021-06-30,,,PA,PA,1231,102909_13FHR_2021_0001104659-21-104704.txt
1029160,SOROS FUND MANAGEMENT LLC,13F-HR,2021-08-13,https://www.sec.gov/Archives/edgar/data/1029160/000090266421003849/0000902664-21-003849.txt,https://www.sec.gov/Archives/edgar/data/1029160/0000902664-21-003849-index.html,2021-08-13,2021-06-30,,,DE,NY,1231,1029160_13FHR_2021_0000902664-21-003849.txt
1350694,"Bridgewater Associates, LP",13F-HR,2021-08-13,https://www.sec.gov/Archives/edgar/data/1350694/000117266121001668/0001172661-21-001668.txt,https://www.sec.gov/Archives/edgar/data/1350694/0001172661-21-001668-index.html,2021-08-13,2021-06-30,,,DE,CT,1231,1350694_13FHR_2021_0001172661-21-001668.txt
1364742,BlackRock Inc.,13F-HR,2021-08-11,https://www.sec.gov/Archives/edgar/data/1364742/000108636421000071/0001086364-21-000071.txt,https://www.sec.gov/Archives/edgar/data/1364742/0001086364-21-000071-index.html,2021-08-11,2021-06-30,6211,,DE,NY,1231,1364742_13FHR_2021_0001086364-21-000071.txt
1649339,"Scion Asset Management, LLC",13F-HR,2021-08-16,https://www.sec.gov/Archives/edgar/data/1649339/000156761921015632/0001567619-21-015632.txt,https://www.sec.gov/Archives/edgar/data/1649339/0001567619-21-015632-index.html,2021-08-16,2021-06-30,,,DE,CA,1231,1649339_13FHR_2021_0001567619-21-015632.txt
19617,JPMORGAN CHASE & CO,13F-HR,2021-08-12,https://www.sec.gov/Archives/edgar/data/19617/000001961721000379/0000019617-21-000379.txt,https://www.sec.gov/Archives/edgar/data/19617/0000019617-21-000379-index.html,2021-08-12,2021-06-30,6021,,DE,NY,1231,19617_13FHR_2021_0000019617-21-000379.txt
886982,GOLDMAN SACHS GROUP INC,13F-HR,2021-08-13,https://www.sec.gov/Archives/edgar/data/886982/000076999321000254/0000769993-21-000254.txt,https://www.sec.gov/Archives/edgar/data/886982/0000769993-21-000254-index.html,2021-08-13,2021-06-30,6211,,DE,NY,1231,886982_13FHR_2021_0000769993-21-000254.txt
102909,VANGUARD GROUP INC,13F-HR,2021-11-12,https://www.sec.gov/Archives/edgar/data/102909/000110465921137530/0001104659-21-137530.txt,https://www.sec.gov/Archives/edgar/data/102909/0001104659-21-137530-index.html,2021-11-12,2021-09-30,,,PA,PA,1231,102909_13FHR_2021_0001104659-21-137530.txt
1029160,SOROS FUND MANAGEMENT LLC,13F-HR,2021-11-12,https://www.sec.gov/Archives/edgar/data/1029160/000090266421004929/0000902664-21-004929.txt,https://www.sec.gov/Archives/edgar/data/1029160/0000902664-21-004929-index.html,2021-11-12,2021-09-30,,,DE,NY,1231,1029160_13FHR_2021_0000902664-21-004929.txt
1350694,"Bridgewater Associates, LP",13F-HR,2021-11-12,https://www.sec.gov/Archives/edgar/data/1350694/000117266121002162/0001172661-21-002162.txt,https://www.sec.gov/Archives/edgar/data/1350694/0001172661-21-002162-index.html,2021-11-12,2021-09-30,,,DE,CT,1231,1350694_13FHR_2021_0001172661-21-002162.txt
1364742,BlackRock Inc.,13F-HR,2021-11-09,https://www.sec.gov/Archives/edgar/data/1364742/000108636421000104/0001086364-21-000104.txt,https://www.sec.gov/Archives/edgar/data/1364742/0001086364-21-000104-index.html,2021-11-09,2021-09-30,6211,,DE,NY,1231,1364742_13FHR_2021_0001086364-21-000104.txt
1649339,"Scion Asset Management, LLC",13F-HR,2021-11-15,https://www.sec.gov/Archives/edgar/data/1649339/000156761921020215/0001567619-21-020215.txt,https://www.sec.gov/Archives/edgar/data/1649339/0001567619-21-020215-index.html,2021-11-15,2021-09-30,,,DE,CA,1231,1649339_13FHR_2021_0001567619-21-020215.txt
19617,JPMORGAN CHASE & CO,13F-HR,2021-11-12,https://www.sec.gov/Archives/edgar/data/19617/000001961721000478/0000019617-21-000478.txt,https://www.sec.gov/Archives/edgar/data/19617/0000019617-21-000478-index.html,2021-11-12,2021-09-30,6021,,DE,NY,1231,19617_13FHR_2021_0000019617-21-000478.txt
886982,GOLDMAN SACHS GROUP INC,13F-HR,2021-11-10,https://www.sec.gov/Archives/edgar/data/886982/000076999321000319/0000769993-21-000319.txt,https://www.sec.gov/Archives/edgar/data/886982/0000769993-21-000319-index.html,2021-11-10,2021-09-30,6211,,DE,NY,1231,886982_13FHR_2021_0000769993-21-000319.txt
